prognosis,fatigue,vomiting,high_fever,loss_of_appetite,nausea,headache,abdominal_pain,yellowish_skin,yellowing_of_eyes,chills,skin_rash
Chicken pox,1,0,1,1,0,1,0,0,0,0,1
Chicken pox,1,0,1,1,0,1,0,0,0,0,1
Chicken pox,1,0,1,1,0,1,0,0,0,0,1
Chicken pox,1,0,1,1,0,1,0,0,0,0,1
Chicken pox,1,0,1,1,0,1,0,0,0,0,1
Chicken pox,1,0,1,1,0,1,0,0,0,0,1
Chicken pox,1,0,1,1,0,1,0,0,0,0,1
Chicken pox,1,0,1,1,0,1,0,0,0,0,1
Chicken pox,1,0,1,1,0,1,0,0,0,0,1
Chicken pox,1,0,1,1,0,1,0,0,0,0,1
Chicken pox,1,0,1,1,0,1,0,0,0,0,1
Chicken pox,1,0,1,1,0,1,0,0,0,0,1
Chicken pox,1,0,1,1,0,1,0,0,0,0,1
Chicken pox,1,0,1,1,0,1,0,0,0,0,1
Chicken pox,1,0,1,1,0,1,0,0,0,0,1
Chicken pox,1,0,0,1,0,1,0,0,0,0,1
Chicken pox,1,0,1,1,0,1,0,0,0,0,1
Chicken pox,1,0,1,1,0,1,0,0,0,0,1
Chicken pox,1,0,1,1,0,1,0,0,0,0,0
Chicken pox,0,0,1,1,0,1,0,0,0,0,1
Chicken pox,1,0,1,1,0,1,0,0,0,0,1
Chicken pox,1,0,0,1,0,1,0,0,0,0,1
Chicken pox,1,0,1,1,0,0,0,0,0,0,1
Chicken pox,1,0,1,0,0,1,0,0,0,0,1
Chicken pox,1,0,1,1,0,1,0,0,0,0,1
Chicken pox,1,0,1,1,0,1,0,0,0,0,1
Chicken pox,1,0,1,1,0,1,0,0,0,0,1
Chicken pox,1,0,1,1,0,1,0,0,0,0,1
Chicken pox,1,0,0,1,0,1,0,0,0,0,1
Chicken pox,1,0,1,1,0,1,0,0,0,0,1
Chicken pox,1,0,1,1,0,1,0,0,0,0,1
Chicken pox,1,0,1,1,0,1,0,0,0,0,1
Chicken pox,0,0,1,1,0,1,0,0,0,0,1
Chicken pox,1,0,1,1,0,1,0,0,0,0,1
Chicken pox,1,0,1,1,0,1,0,0,0,0,0
Chicken pox,0,0,1,1,0,1,0,0,0,0,1
Chicken pox,1,0,1,1,0,1,0,0,0,0,1
Chicken pox,1,0,1,1,0,1,0,0,0,0,1
Chicken pox,1,0,0,1,0,1,0,0,0,0,1
Chicken pox,1,0,1,1,0,1,0,0,0,0,1
Chicken pox,1,0,1,1,0,1,0,0,0,0,1
Chicken pox,1,0,1,1,0,1,0,0,0,0,1
Chicken pox,1,0,1,1,0,1,0,0,0,0,1
Chicken pox,1,0,1,1,0,1,0,0,0,0,1
Chicken pox,1,0,1,1,0,1,0,0,0,0,1
Chicken pox,1,0,1,0,0,1,0,0,0,0,1
Chicken pox,1,0,1,1,0,1,0,0,0,0,1
Chicken pox,1,0,1,1,0,1,0,0,0,0,1
Chicken pox,1,0,1,1,0,1,0,0,0,0,1
Chicken pox,1,0,1,1,0,1,0,0,0,0,1
Chicken pox,1,0,1,1,0,1,0,0,0,0,1
Chicken pox,1,0,1,1,0,0,0,0,0,0,1
Chicken pox,1,0,1,1,0,1,0,0,0,0,1
Chicken pox,1,0,1,0,0,1,0,0,0,0,1
Chicken pox,1,0,1,1,0,1,0,0,0,0,0
Chicken pox,1,0,1,1,0,0,0,0,0,0,1
Chicken pox,1,0,1,1,0,1,0,0,0,0,1
Chicken pox,1,0,1,1,0,1,0,0,0,0,1
Chicken pox,1,0,1,1,0,1,0,0,0,0,1
Chicken pox,1,0,1,1,0,1,0,0,0,0,1
Chicken pox,1,0,1,1,0,1,0,0,0,0,0
Chicken pox,1,0,1,1,0,1,0,0,0,0,1
Chicken pox,1,0,1,1,0,1,0,0,0,0,1
Chicken pox,1,0,1,1,0,1,0,0,0,0,1
Chicken pox,1,0,1,1,0,1,0,0,0,0,1
Chicken pox,1,0,1,1,0,1,0,0,0,0,1
Chicken pox,0,0,1,1,0,1,0,0,0,0,1
Chicken pox,1,0,1,1,0,1,0,0,0,0,1
Chicken pox,1,0,1,1,0,1,0,0,0,0,0
Chicken pox,0,0,1,1,0,1,0,0,0,0,1
Chicken pox,1,0,1,1,0,1,0,0,0,0,1
Chicken pox,1,0,1,1,0,1,0,0,0,0,1
Chicken pox,1,0,1,1,0,1,0,0,0,0,1
Chicken pox,1,0,1,1,0,1,0,0,0,0,1
Chicken pox,1,0,1,1,0,1,0,0,0,0,1
Chicken pox,1,0,1,1,0,1,0,0,0,0,1
Chicken pox,1,0,1,1,0,1,0,0,0,0,1
Chicken pox,1,0,1,1,0,1,0,0,0,0,1
Chicken pox,1,0,1,1,0,1,0,0,0,0,0
Chicken pox,0,0,1,1,0,1,0,0,0,0,1
Chicken pox,1,0,1,1,0,1,0,0,0,0,1
Chicken pox,1,0,1,1,0,1,0,0,0,0,1
Chicken pox,1,0,1,1,0,0,0,0,0,0,1
Chicken pox,1,0,1,0,0,1,0,0,0,0,1
Chicken pox,1,0,1,1,0,1,0,0,0,0,1
Chicken pox,1,0,1,1,0,1,0,0,0,0,1
Chicken pox,1,0,1,1,0,1,0,0,0,0,1
Chicken pox,1,0,1,1,0,1,0,0,0,0,1
Chicken pox,1,0,1,1,0,1,0,0,0,0,1
Chicken pox,1,0,1,1,0,1,0,0,0,0,1
Chicken pox,1,0,0,1,0,1,0,0,0,0,1
Chicken pox,1,0,1,1,0,1,0,0,0,0,1
Chicken pox,1,0,1,1,0,1,0,0,0,0,1
Chicken pox,1,0,1,1,0,1,0,0,0,0,1
Chicken pox,1,0,1,1,0,1,0,0,0,0,1
Chicken pox,1,0,1,1,0,1,0,0,0,0,1
Chicken pox,1,0,1,0,0,1,0,0,0,0,1
Chicken pox,1,0,1,1,0,0,0,0,0,0,1
Chicken pox,1,0,0,1,0,1,0,0,0,0,1
Chicken pox,1,0,1,1,0,1,0,0,0,0,1
Chicken pox,1,0,1,1,0,1,0,0,0,0,1
Chicken pox,1,0,1,1,0,1,0,0,0,0,1
Chicken pox,1,0,1,1,0,1,0,0,0,0,1
Chicken pox,1,0,1,1,0,0,0,0,0,0,1
Chicken pox,1,0,1,1,0,1,0,0,0,0,1
Chicken pox,1,0,1,1,0,1,0,0,0,0,1
Chicken pox,1,0,1,1,0,1,0,0,0,0,1
Chicken pox,1,0,1,1,0,1,0,0,0,0,1
Chicken pox,1,0,1,1,0,1,0,0,0,0,1
Chicken pox,1,0,1,1,0,1,0,0,0,0,1
Chicken pox,1,0,1,1,0,1,0,0,0,0,1
Chicken pox,1,0,1,1,0,1,0,0,0,0,1
Chicken pox,1,0,1,1,0,1,0,0,0,0,1
Chicken pox,1,0,1,1,0,1,0,0,0,0,1
Chicken pox,1,0,1,1,0,1,0,0,0,0,1
Chicken pox,1,0,1,1,0,1,0,0,0,0,1
Chicken pox,1,0,1,1,0,1,0,0,0,0,1
Chicken pox,1,0,1,0,0,1,0,0,0,0,1
Chicken pox,1,0,1,1,0,1,0,0,0,0,1
Chicken pox,1,0,1,1,0,1,0,0,0,0,1
Chronic cholestasis,0,1,0,1,1,0,1,1,1,0,0
Chronic cholestasis,0,1,0,1,1,0,1,1,1,0,0
Chronic cholestasis,0,0,0,1,1,0,1,1,1,0,0
Chronic cholestasis,0,0,0,1,1,0,1,1,1,0,0
Chronic cholestasis,0,1,0,1,1,0,1,0,1,0,0
Chronic cholestasis,0,1,0,1,1,0,1,1,1,0,0
Chronic cholestasis,0,1,0,1,0,0,1,1,1,0,0
Chronic cholestasis,0,1,0,1,1,0,1,1,1,0,0
Chronic cholestasis,0,1,0,1,1,0,1,1,1,0,0
Chronic cholestasis,0,1,0,1,1,0,1,1,1,0,0
Chronic cholestasis,0,1,0,1,1,0,1,1,1,0,0
Chronic cholestasis,0,1,0,0,1,0,1,1,1,0,0
Chronic cholestasis,0,1,0,1,1,0,0,1,1,0,0
Chronic cholestasis,0,1,0,1,1,0,1,1,1,0,0
Chronic cholestasis,0,1,0,1,1,0,1,1,1,0,0
Chronic cholestasis,0,1,0,1,1,0,1,1,1,0,0
Chronic cholestasis,0,0,0,1,1,0,1,1,1,0,0
Chronic cholestasis,0,1,0,1,1,0,1,1,0,0,0
Chronic cholestasis,0,1,0,1,1,0,1,1,1,0,0
Chronic cholestasis,0,1,0,1,1,0,1,1,1,0,0
Chronic cholestasis,0,1,0,1,1,0,1,1,1,0,0
Chronic cholestasis,0,1,0,1,1,0,1,1,1,0,0
Chronic cholestasis,0,1,0,1,1,0,1,1,1,0,0
Chronic cholestasis,0,1,0,1,1,0,1,1,1,0,0
Chronic cholestasis,0,1,0,1,1,0,1,1,1,0,0
Chronic cholestasis,0,1,0,1,1,0,1,1,1,0,0
Chronic cholestasis,0,1,0,1,1,0,1,1,1,0,0
Chronic cholestasis,0,1,0,1,1,0,1,1,1,0,0
Chronic cholestasis,0,1,0,1,1,0,1,1,1,0,0
Chronic cholestasis,0,1,0,1,1,0,1,1,1,0,0
Chronic cholestasis,0,1,0,1,1,0,1,1,0,0,0
Chronic cholestasis,0,1,0,1,1,0,1,1,1,0,0
Chronic cholestasis,0,1,0,1,1,0,1,1,1,0,0
Chronic cholestasis,0,1,0,1,1,0,0,1,1,0,0
Chronic cholestasis,0,1,0,0,1,0,1,1,1,0,0
Chronic cholestasis,0,1,0,1,0,0,1,1,1,0,0
Chronic cholestasis,0,1,0,1,1,0,1,1,1,0,0
Chronic cholestasis,0,1,0,1,1,0,1,1,1,0,0
Chronic cholestasis,0,1,0,1,1,0,1,1,1,0,0
Chronic cholestasis,0,1,0,1,1,0,1,1,1,0,0
Chronic cholestasis,0,1,0,1,1,0,1,1,1,0,0
Chronic cholestasis,0,1,0,1,1,0,1,1,1,0,0
Chronic cholestasis,0,1,0,1,1,0,1,0,1,0,0
Chronic cholestasis,0,1,0,1,1,0,1,1,1,0,0
Chronic cholestasis,0,1,0,1,1,0,1,1,1,0,0
Chronic cholestasis,0,1,0,1,1,0,1,1,1,0,0
Chronic cholestasis,0,1,0,1,1,0,1,1,1,0,0
Chronic cholestasis,0,0,0,1,1,0,1,1,1,0,0
Chronic cholestasis,0,1,0,1,0,0,1,1,1,0,0
Chronic cholestasis,0,1,0,0,1,0,1,1,1,0,0
Chronic cholestasis,0,1,0,1,1,0,0,1,1,0,0
Chronic cholestasis,0,1,0,1,1,0,1,1,0,0,0
Chronic cholestasis,0,1,0,1,1,0,1,1,1,0,0
Chronic cholestasis,0,1,0,1,1,0,1,1,1,0,0
Chronic cholestasis,0,1,0,1,1,0,1,1,1,0,0
Chronic cholestasis,0,1,0,1,1,0,1,1,1,0,0
Chronic cholestasis,0,1,0,1,1,0,1,1,1,0,0
Chronic cholestasis,0,1,0,1,1,0,1,1,1,0,0
Chronic cholestasis,0,1,0,1,1,0,1,1,1,0,0
Chronic cholestasis,0,1,0,1,1,0,1,1,1,0,0
Chronic cholestasis,0,1,0,1,1,0,1,1,1,0,0
Chronic cholestasis,0,1,0,1,1,0,1,1,1,0,0
Chronic cholestasis,0,1,0,1,1,0,1,1,1,0,0
Chronic cholestasis,0,1,0,1,1,0,1,1,1,0,0
Chronic cholestasis,0,1,0,1,1,0,1,1,1,0,0
Chronic cholestasis,0,1,0,1,1,0,1,1,1,0,0
Chronic cholestasis,0,1,0,1,1,0,1,1,1,0,0
Chronic cholestasis,0,1,0,1,1,0,1,0,1,0,0
Chronic cholestasis,0,0,0,1,1,0,1,1,1,0,0
Chronic cholestasis,0,1,0,1,1,0,1,1,1,0,0
Chronic cholestasis,0,1,0,1,1,0,1,1,1,0,0
Chronic cholestasis,0,1,0,1,1,0,1,1,1,0,0
Chronic cholestasis,0,1,0,1,1,0,1,1,1,0,0
Chronic cholestasis,0,1,0,1,1,0,1,1,1,0,0
Chronic cholestasis,0,1,0,1,1,0,1,1,1,0,0
Chronic cholestasis,0,0,0,1,1,0,1,1,1,0,0
Chronic cholestasis,0,1,0,1,1,0,1,0,1,0,0
Chronic cholestasis,0,1,0,1,1,0,1,1,1,0,0
Chronic cholestasis,0,1,0,1,1,0,1,1,1,0,0
Chronic cholestasis,0,1,0,1,0,0,1,1,1,0,0
Chronic cholestasis,0,1,0,1,1,0,1,1,1,0,0
Chronic cholestasis,0,1,0,0,1,0,1,1,1,0,0
Chronic cholestasis,0,1,0,1,1,0,1,1,0,0,0
Chronic cholestasis,0,1,0,1,1,0,1,1,1,0,0
Chronic cholestasis,0,1,0,1,1,0,1,1,1,0,0
Chronic cholestasis,0,1,0,1,1,0,1,1,1,0,0
Chronic cholestasis,0,1,0,1,1,0,1,1,1,0,0
Chronic cholestasis,0,1,0,1,1,0,1,1,1,0,0
Chronic cholestasis,0,1,0,1,1,0,1,1,1,0,0
Chronic cholestasis,0,1,0,1,1,0,1,1,1,0,0
Chronic cholestasis,0,1,0,1,1,0,1,1,1,0,0
Chronic cholestasis,0,1,0,1,1,0,0,1,1,0,0
Chronic cholestasis,0,1,0,1,1,0,1,1,1,0,0
Chronic cholestasis,0,1,0,1,1,0,1,1,1,0,0
Chronic cholestasis,0,1,0,1,1,0,1,1,1,0,0
Chronic cholestasis,0,1,0,1,1,0,1,1,1,0,0
Chronic cholestasis,0,1,0,1,1,0,1,1,1,0,0
Chronic cholestasis,0,1,0,1,1,0,1,1,1,0,0
Chronic cholestasis,0,1,0,1,1,0,1,1,1,0,0
Chronic cholestasis,0,1,0,1,1,0,1,1,1,0,0
Chronic cholestasis,0,1,0,1,1,0,1,1,0,0,0
Chronic cholestasis,0,1,0,1,1,0,1,1,1,0,0
Chronic cholestasis,0,1,0,1,1,0,0,1,1,0,0
Chronic cholestasis,0,1,0,0,1,0,1,1,1,0,0
Chronic cholestasis,0,1,0,1,1,0,1,1,1,0,0
Chronic cholestasis,0,1,0,1,1,0,1,0,1,0,0
Chronic cholestasis,0,1,0,1,1,0,1,1,1,0,0
Chronic cholestasis,0,1,0,1,1,0,1,1,1,0,0
Chronic cholestasis,0,1,0,1,1,0,1,1,1,0,0
Chronic cholestasis,0,1,0,1,1,0,1,0,1,0,0
Chronic cholestasis,0,1,0,1,0,0,1,1,1,0,0
Chronic cholestasis,0,1,0,0,1,0,1,1,1,0,0
Chronic cholestasis,0,1,0,1,1,0,0,1,1,0,0
Chronic cholestasis,0,1,0,1,1,0,1,1,0,0,0
Chronic cholestasis,0,1,0,1,1,0,1,1,1,0,0
Chronic cholestasis,0,1,0,1,1,0,1,1,1,0,0
Chronic cholestasis,0,1,0,1,1,0,1,1,1,0,0
Chronic cholestasis,0,1,0,1,1,0,1,1,1,0,0
Chronic cholestasis,0,1,0,1,0,0,1,1,1,0,0
Chronic cholestasis,0,1,0,1,1,0,1,1,1,0,0
Common Cold,1,0,1,0,0,1,0,0,0,1,0
Common Cold,1,0,1,0,0,1,0,0,0,1,0
Common Cold,1,0,1,0,0,1,0,0,0,1,0
Common Cold,1,0,1,0,0,1,0,0,0,1,0
Common Cold,1,0,1,0,0,1,0,0,0,1,0
Common Cold,1,0,1,0,0,1,0,0,0,1,0
Common Cold,1,0,1,0,0,1,0,0,0,1,0
Common Cold,1,0,1,0,0,1,0,0,0,1,0
Common Cold,1,0,1,0,0,1,0,0,0,1,0
Common Cold,1,0,1,0,0,1,0,0,0,1,0
Common Cold,1,0,1,0,0,1,0,0,0,1,0
Common Cold,1,0,1,0,0,1,0,0,0,1,0
Common Cold,1,0,1,0,0,1,0,0,0,1,0
Common Cold,1,0,1,0,0,1,0,0,0,1,0
Common Cold,1,0,1,0,0,1,0,0,0,1,0
Common Cold,1,0,1,0,0,1,0,0,0,1,0
Common Cold,1,0,1,0,0,1,0,0,0,1,0
Common Cold,1,0,1,0,0,1,0,0,0,1,0
Common Cold,1,0,1,0,0,1,0,0,0,1,0
Common Cold,1,0,1,0,0,1,0,0,0,1,0
Common Cold,1,0,1,0,0,1,0,0,0,1,0
Common Cold,1,0,1,0,0,1,0,0,0,1,0
Common Cold,1,0,1,0,0,1,0,0,0,1,0
Common Cold,1,0,1,0,0,1,0,0,0,1,0
Common Cold,1,0,1,0,0,1,0,0,0,1,0
Common Cold,1,0,1,0,0,1,0,0,0,1,0
Common Cold,1,0,1,0,0,1,0,0,0,1,0
Common Cold,1,0,1,0,0,1,0,0,0,1,0
Common Cold,1,0,1,0,0,1,0,0,0,1,0
Common Cold,1,0,1,0,0,1,0,0,0,1,0
Common Cold,1,0,1,0,0,1,0,0,0,1,0
Common Cold,1,0,1,0,0,1,0,0,0,1,0
Common Cold,1,0,1,0,0,1,0,0,0,1,0
Common Cold,1,0,1,0,0,1,0,0,0,1,0
Common Cold,1,0,1,0,0,1,0,0,0,1,0
Common Cold,1,0,1,0,0,1,0,0,0,1,0
Common Cold,1,0,1,0,0,1,0,0,0,1,0
Common Cold,1,0,1,0,0,1,0,0,0,1,0
Common Cold,1,0,1,0,0,1,0,0,0,1,0
Common Cold,1,0,1,0,0,1,0,0,0,1,0
Common Cold,1,0,1,0,0,1,0,0,0,1,0
Common Cold,1,0,1,0,0,1,0,0,0,1,0
Common Cold,1,0,1,0,0,1,0,0,0,1,0
Common Cold,1,0,1,0,0,1,0,0,0,1,0
Common Cold,1,0,1,0,0,1,0,0,0,1,0
Common Cold,1,0,1,0,0,1,0,0,0,1,0
Common Cold,1,0,1,0,0,1,0,0,0,1,0
Common Cold,1,0,1,0,0,1,0,0,0,1,0
Common Cold,1,0,1,0,0,1,0,0,0,1,0
Common Cold,1,0,1,0,0,1,0,0,0,1,0
Common Cold,1,0,1,0,0,1,0,0,0,1,0
Common Cold,1,0,1,0,0,1,0,0,0,1,0
Common Cold,1,0,1,0,0,1,0,0,0,1,0
Common Cold,1,0,1,0,0,1,0,0,0,1,0
Common Cold,1,0,1,0,0,1,0,0,0,1,0
Common Cold,1,0,1,0,0,1,0,0,0,1,0
Common Cold,1,0,1,0,0,1,0,0,0,1,0
Common Cold,1,0,1,0,0,1,0,0,0,1,0
Common Cold,1,0,1,0,0,1,0,0,0,1,0
Common Cold,1,0,1,0,0,1,0,0,0,1,0
Common Cold,1,0,1,0,0,1,0,0,0,1,0
Common Cold,1,0,1,0,0,1,0,0,0,1,0
Common Cold,1,0,1,0,0,1,0,0,0,1,0
Common Cold,1,0,1,0,0,1,0,0,0,1,0
Common Cold,1,0,1,0,0,1,0,0,0,1,0
Common Cold,1,0,1,0,0,1,0,0,0,1,0
Common Cold,1,0,1,0,0,1,0,0,0,1,0
Common Cold,1,0,1,0,0,1,0,0,0,1,0
Common Cold,1,0,1,0,0,1,0,0,0,1,0
Common Cold,1,0,1,0,0,1,0,0,0,1,0
Common Cold,1,0,1,0,0,1,0,0,0,1,0
Common Cold,1,0,1,0,0,1,0,0,0,1,0
Common Cold,1,0,1,0,0,1,0,0,0,1,0
Common Cold,1,0,1,0,0,1,0,0,0,1,0
Common Cold,1,0,1,0,0,1,0,0,0,1,0
Common Cold,1,0,1,0,0,1,0,0,0,1,0
Common Cold,1,0,1,0,0,1,0,0,0,1,0
Common Cold,1,0,1,0,0,1,0,0,0,1,0
Common Cold,1,0,1,0,0,1,0,0,0,1,0
Common Cold,1,0,1,0,0,1,0,0,0,1,0
Common Cold,1,0,1,0,0,1,0,0,0,1,0
Common Cold,1,0,1,0,0,1,0,0,0,1,0
Common Cold,1,0,1,0,0,1,0,0,0,1,0
Common Cold,1,0,1,0,0,1,0,0,0,1,0
Common Cold,1,0,1,0,0,1,0,0,0,1,0
Common Cold,1,0,1,0,0,1,0,0,0,1,0
Common Cold,1,0,1,0,0,1,0,0,0,1,0
Common Cold,1,0,1,0,0,1,0,0,0,1,0
Common Cold,1,0,1,0,0,1,0,0,0,1,0
Common Cold,1,0,1,0,0,1,0,0,0,1,0
Common Cold,1,0,1,0,0,1,0,0,0,1,0
Common Cold,1,0,1,0,0,1,0,0,0,1,0
Common Cold,1,0,1,0,0,1,0,0,0,1,0
Common Cold,1,0,1,0,0,1,0,0,0,1,0
Common Cold,1,0,1,0,0,1,0,0,0,1,0
Common Cold,1,0,1,0,0,1,0,0,0,1,0
Dengue,1,1,1,1,1,1,0,0,0,1,1
Dengue,1,1,1,1,1,1,0,0,0,1,1
Dengue,1,1,1,1,1,1,0,0,0,1,1
Dengue,1,1,1,1,1,1,0,0,0,1,1
Dengue,1,1,1,1,1,1,0,0,0,1,1
Dengue,1,1,1,1,1,1,0,0,0,1,1
Dengue,1,1,1,1,1,1,0,0,0,1,1
Dengue,1,1,1,1,1,1,0,0,0,1,1
Dengue,1,1,1,1,1,1,0,0,0,1,1
Dengue,1,1,1,1,1,1,0,0,0,1,1
Dengue,1,1,1,1,1,1,0,0,0,1,1
Dengue,1,1,1,1,1,1,0,0,0,1,1
Dengue,1,1,1,1,1,1,0,0,0,1,1
Dengue,1,1,1,1,1,1,0,0,0,1,1
Dengue,1,1,1,1,1,1,0,0,0,1,1
Dengue,1,1,1,1,1,1,0,0,0,1,1
Dengue,1,1,1,1,1,1,0,0,0,1,1
Dengue,1,1,1,1,1,1,0,0,0,1,0
Dengue,1,1,0,1,1,1,0,0,0,1,1
Dengue,1,1,1,1,1,1,0,0,0,0,1
Dengue,0,1,1,1,1,1,0,0,0,1,1
Dengue,1,1,1,1,1,1,0,0,0,1,1
Dengue,1,1,1,1,1,1,0,0,0,1,1
Dengue,1,1,1,1,1,1,0,0,0,1,0
Dengue,1,1,1,1,1,1,0,0,0,0,1
Dengue,1,1,1,1,1,1,0,0,0,1,1
Dengue,1,1,1,1,1,1,0,0,0,1,1
Dengue,1,1,1,1,1,1,0,0,0,1,1
Dengue,1,1,1,1,1,1,0,0,0,1,1
Dengue,1,1,1,1,1,1,0,0,0,1,1
Dengue,1,1,1,1,1,1,0,0,0,1,1
Dengue,0,1,1,1,1,1,0,0,0,1,1
Dengue,1,1,1,1,1,1,0,0,0,1,1
Dengue,1,1,1,1,1,1,0,0,0,1,1
Dengue,1,0,1,1,1,1,0,0,0,1,1
Dengue,1,1,1,1,1,1,0,0,0,1,1
Dengue,1,1,1,1,1,1,0,0,0,1,1
Dengue,1,1,1,1,1,1,0,0,0,1,1
Dengue,1,1,1,1,1,1,0,0,0,1,1
Dengue,1,1,1,1,1,1,0,0,0,0,1
Dengue,1,0,1,1,1,1,0,0,0,1,1
Dengue,1,1,1,1,1,1,0,0,0,1,1
Dengue,1,1,1,1,1,1,0,0,0,1,1
Dengue,1,1,1,1,1,1,0,0,0,1,1
Dengue,1,1,1,1,1,1,0,0,0,1,1
Dengue,1,1,1,1,1,1,0,0,0,1,0
Dengue,1,1,1,1,1,1,0,0,0,1,1
Dengue,1,1,1,1,1,1,0,0,0,1,1
Dengue,1,1,1,1,1,1,0,0,0,1,0
Dengue,1,1,1,1,1,1,0,0,0,0,1
Dengue,1,1,1,1,1,1,0,0,0,1,1
Dengue,1,1,1,1,1,1,0,0,0,1,1
Dengue,1,1,0,1,1,1,0,0,0,1,1
Dengue,1,1,1,1,1,1,0,0,0,1,1
Dengue,1,1,1,1,1,1,0,0,0,1,1
Dengue,1,1,1,1,1,1,0,0,0,1,1
Dengue,1,1,1,1,1,1,0,0,0,1,1
Dengue,1,0,1,1,1,1,0,0,0,1,1
Dengue,0,1,1,1,1,1,0,0,0,1,1
Dengue,1,1,0,1,1,1,0,0,0,1,1
Dengue,1,1,1,1,1,1,0,0,0,1,1
Dengue,1,1,1,1,1,1,0,0,0,1,1
Dengue,0,1,1,1,1,1,0,0,0,1,1
Dengue,1,1,1,1,1,1,0,0,0,1,1
Dengue,1,1,1,1,1,1,0,0,0,1,1
Dengue,1,1,1,1,1,1,0,0,0,1,1
Dengue,1,1,0,1,1,1,0,0,0,1,1
Dengue,1,1,1,1,1,1,0,0,0,1,1
Dengue,1,1,1,1,1,1,0,0,0,1,1
Dengue,1,1,1,1,1,1,0,0,0,1,1
Dengue,1,1,1,1,1,1,0,0,0,1,1
Dengue,1,1,1,1,1,1,0,0,0,1,1
Dengue,1,1,1,1,1,1,0,0,0,1,1
Dengue,1,1,1,1,1,1,0,0,0,1,1
Dengue,1,1,1,1,1,1,0,0,0,1,1
Dengue,1,1,1,1,1,1,0,0,0,1,1
Dengue,1,1,1,1,1,1,0,0,0,1,1
Dengue,1,1,1,1,1,1,0,0,0,1,1
Dengue,1,1,1,1,1,1,0,0,0,1,1
Dengue,1,1,1,1,1,1,0,0,0,1,1
Dengue,1,1,1,1,1,1,0,0,0,1,1
Dengue,1,1,1,1,1,1,0,0,0,1,1
Dengue,1,1,1,1,1,1,0,0,0,1,1
Dengue,1,1,1,1,1,1,0,0,0,1,1
Dengue,1,1,1,1,1,1,0,0,0,1,1
Dengue,1,1,1,1,1,1,0,0,0,1,1
Dengue,1,1,1,1,1,1,0,0,0,1,1
Dengue,1,1,1,1,1,1,0,0,0,1,1
Dengue,1,1,1,1,1,1,0,0,0,1,1
Dengue,1,1,1,1,1,1,0,0,0,1,1
Dengue,1,1,1,1,1,1,0,0,0,0,1
Dengue,1,1,1,1,1,1,0,0,0,1,1
Dengue,1,0,1,1,1,1,0,0,0,1,1
Dengue,0,1,1,1,1,1,0,0,0,1,1
Dengue,1,1,0,1,1,1,0,0,0,1,1
Dengue,1,1,1,1,1,1,0,0,0,1,1
Dengue,1,1,1,1,1,1,0,0,0,1,0
Dengue,1,1,1,1,1,1,0,0,0,1,1
Dengue,1,1,1,1,1,1,0,0,0,1,1
Dengue,1,1,1,1,1,1,0,0,0,1,1
Dengue,1,1,1,1,1,1,0,0,0,1,1
Dengue,1,1,0,1,1,1,0,0,0,1,1
Dengue,0,1,1,1,1,1,0,0,0,1,1
Dengue,1,0,1,1,1,1,0,0,0,1,1
Dengue,1,1,1,1,1,1,0,0,0,1,1
Dengue,1,1,1,1,1,1,0,0,0,0,1
Dengue,1,1,1,1,1,1,0,0,0,1,0
Dengue,1,1,1,1,1,1,0,0,0,1,1
Dengue,1,1,1,1,1,1,0,0,0,1,1
Dengue,1,1,1,1,1,1,0,0,0,1,1
Dengue,1,1,1,1,1,1,0,0,0,1,1
Dengue,1,1,1,1,1,1,0,0,0,1,1
Dengue,1,1,1,1,1,1,0,0,0,1,1
Dengue,1,1,1,1,1,1,0,0,0,1,1
Dengue,1,1,1,1,1,1,0,0,0,1,1
Dengue,1,1,1,1,1,1,0,0,0,1,1
Dengue,1,1,1,1,1,1,0,0,0,1,1
Dengue,1,0,1,1,1,1,0,0,0,1,1
Dengue,1,1,1,1,1,1,0,0,0,1,1
Dengue,1,1,1,1,1,1,0,0,0,1,1
Hepatitis B,1,0,0,1,0,0,1,1,1,0,0
Hepatitis B,1,0,0,1,0,0,1,1,1,0,0
Hepatitis B,1,0,0,1,0,0,1,1,1,0,0
Hepatitis B,1,0,0,1,0,0,1,1,1,0,0
Hepatitis B,1,0,0,1,0,0,1,1,1,0,0
Hepatitis B,1,0,0,1,0,0,1,1,1,0,0
Hepatitis B,0,0,0,1,0,0,1,1,1,0,0
Hepatitis B,1,0,0,1,0,0,1,1,1,0,0
Hepatitis B,1,0,0,1,0,0,1,0,1,0,0
Hepatitis B,1,0,0,1,0,0,1,1,1,0,0
Hepatitis B,1,0,0,0,0,0,1,1,1,0,0
Hepatitis B,1,0,0,1,0,0,0,1,1,0,0
Hepatitis B,1,0,0,1,0,0,1,1,1,0,0
Hepatitis B,1,0,0,1,0,0,1,1,1,0,0
Hepatitis B,1,0,0,1,0,0,1,1,1,0,0
Hepatitis B,1,0,0,0,0,0,1,1,1,0,0
Hepatitis B,1,0,0,1,0,0,1,1,1,0,0
Hepatitis B,1,0,0,1,0,0,1,1,1,0,0
Hepatitis B,1,0,0,1,0,0,1,1,1,0,0
Hepatitis B,1,0,0,1,0,0,1,1,1,0,0
Hepatitis B,1,0,0,1,0,0,1,1,1,0,0
Hepatitis B,1,0,0,1,0,0,1,1,1,0,0
Hepatitis B,1,0,0,1,0,0,1,1,1,0,0
Hepatitis B,1,0,0,1,0,0,1,1,1,0,0
Hepatitis B,1,0,0,1,0,0,1,1,1,0,0
Hepatitis B,1,0,0,1,0,0,1,1,1,0,0
Hepatitis B,1,0,0,1,0,0,1,1,1,0,0
Hepatitis B,1,0,0,1,0,0,1,1,1,0,0
Hepatitis B,0,0,0,1,0,0,1,1,1,0,0
Hepatitis B,1,0,0,1,0,0,1,1,1,0,0
Hepatitis B,1,0,0,1,0,0,1,1,1,0,0
Hepatitis B,1,0,0,1,0,0,1,1,1,0,0
Hepatitis B,1,0,0,1,0,0,1,1,1,0,0
Hepatitis B,1,0,0,1,0,0,1,1,1,0,0
Hepatitis B,1,0,0,1,0,0,1,1,1,0,0
Hepatitis B,1,0,0,0,0,0,1,1,1,0,0
Hepatitis B,1,0,0,1,0,0,0,1,1,0,0
Hepatitis B,1,0,0,1,0,0,1,1,1,0,0
Hepatitis B,1,0,0,1,0,0,1,1,1,0,0
Hepatitis B,1,0,0,1,0,0,1,1,1,0,0
Hepatitis B,1,0,0,1,0,0,1,1,1,0,0
Hepatitis B,1,0,0,1,0,0,1,1,1,0,0
Hepatitis B,1,0,0,1,0,0,1,1,1,0,0
Hepatitis B,1,0,0,1,0,0,1,0,1,0,0
Hepatitis B,1,0,0,1,0,0,1,1,1,0,0
Hepatitis B,1,0,0,1,0,0,1,1,1,0,0
Hepatitis B,1,0,0,1,0,0,1,1,1,0,0
Hepatitis B,1,0,0,1,0,0,1,1,1,0,0
Hepatitis B,1,0,0,1,0,0,1,1,1,0,0
Hepatitis B,1,0,0,1,0,0,1,1,1,0,0
Hepatitis B,1,0,0,1,0,0,1,1,1,0,0
Hepatitis B,1,0,0,1,0,0,1,1,1,0,0
Hepatitis B,1,0,0,1,0,0,1,1,1,0,0
Hepatitis B,1,0,0,1,0,0,1,1,1,0,0
Hepatitis B,1,0,0,1,0,0,1,1,1,0,0
Hepatitis B,1,0,0,1,0,0,1,1,1,0,0
Hepatitis B,1,0,0,1,0,0,1,1,1,0,0
Hepatitis B,1,0,0,1,0,0,0,1,1,0,0
Hepatitis B,1,0,0,1,0,0,1,1,1,0,0
Hepatitis B,1,0,0,1,0,0,1,1,1,0,0
Hepatitis B,1,0,0,1,0,0,1,0,1,0,0
Hepatitis B,1,0,0,1,0,0,1,1,1,0,0
Hepatitis B,0,0,0,1,0,0,1,1,1,0,0
Hepatitis B,1,0,0,1,0,0,1,1,1,0,0
Hepatitis B,1,0,0,1,0,0,1,1,1,0,0
Hepatitis B,1,0,0,1,0,0,1,1,1,0,0
Hepatitis B,1,0,0,1,0,0,1,1,1,0,0
Hepatitis B,1,0,0,1,0,0,1,1,1,0,0
Hepatitis B,1,0,0,1,0,0,1,1,1,0,0
Hepatitis B,1,0,0,1,0,0,1,1,1,0,0
Hepatitis B,1,0,0,1,0,0,1,1,1,0,0
Hepatitis B,1,0,0,1,0,0,1,1,1,0,0
Hepatitis B,1,0,0,1,0,0,1,1,1,0,0
Hepatitis B,1,0,0,1,0,0,1,1,1,0,0
Hepatitis B,1,0,0,1,0,0,1,1,1,0,0
Hepatitis B,1,0,0,1,0,0,1,1,1,0,0
Hepatitis B,1,0,0,1,0,0,1,1,1,0,0
Hepatitis B,0,0,0,1,0,0,1,1,1,0,0
Hepatitis B,1,0,0,1,0,0,1,1,1,0,0
Hepatitis B,1,0,0,1,0,0,1,1,1,0,0
Hepatitis B,1,0,0,1,0,0,1,1,1,0,0
Hepatitis B,1,0,0,1,0,0,1,1,1,0,0
Hepatitis B,1,0,0,1,0,0,1,0,1,0,0
Hepatitis B,1,0,0,1,0,0,1,1,1,0,0
Hepatitis B,1,0,0,1,0,0,1,1,1,0,0
Hepatitis B,1,0,0,1,0,0,1,1,1,0,0
Hepatitis B,1,0,0,1,0,0,1,1,1,0,0
Hepatitis B,1,0,0,0,0,0,1,1,1,0,0
Hepatitis B,1,0,0,1,0,0,0,1,1,0,0
Hepatitis B,1,0,0,1,0,0,1,1,1,0,0
Hepatitis B,1,0,0,1,0,0,1,1,1,0,0
Hepatitis B,1,0,0,1,0,0,1,1,1,0,0
Hepatitis B,1,0,0,1,0,0,1,1,1,0,0
Hepatitis B,0,0,0,1,0,0,1,1,1,0,0
Hepatitis B,1,0,0,1,0,0,1,1,1,0,0
Hepatitis B,1,0,0,1,0,0,1,1,1,0,0
Hepatitis B,1,0,0,1,0,0,1,1,1,0,0
Hepatitis B,1,0,0,1,0,0,1,0,1,0,0
Hepatitis B,1,0,0,0,0,0,1,1,1,0,0
Hepatitis B,1,0,0,1,0,0,1,1,1,0,0
Hepatitis B,1,0,0,1,0,0,0,1,1,0,0
Hepatitis B,1,0,0,0,0,0,1,1,1,0,0
Hepatitis B,1,0,0,1,0,0,1,1,1,0,0
Hepatitis B,1,0,0,1,0,0,1,0,1,0,0
Hepatitis B,1,0,0,1,0,0,1,1,1,0,0
Hepatitis B,0,0,0,1,0,0,1,1,1,0,0
Hepatitis B,1,0,0,1,0,0,1,1,1,0,0
Hepatitis B,1,0,0,1,0,0,1,1,1,0,0
Hepatitis B,1,0,0,1,0,0,1,1,1,0,0
Hepatitis B,1,0,0,1,0,0,1,1,1,0,0
Hepatitis B,1,0,0,1,0,0,1,1,1,0,0
Hepatitis B,1,0,0,1,0,0,1,1,1,0,0
Hepatitis B,1,0,0,1,0,0,1,1,1,0,0
Hepatitis B,1,0,0,1,0,0,1,1,1,0,0
Hepatitis B,1,0,0,1,0,0,1,1,1,0,0
Hepatitis B,1,0,0,1,0,0,1,1,1,0,0
Hepatitis B,1,0,0,1,0,0,1,1,1,0,0
Hepatitis B,1,0,0,1,0,0,0,1,1,0,0
Hepatitis B,1,0,0,1,0,0,1,1,1,0,0
Hepatitis B,1,0,0,1,0,0,1,1,1,0,0
Hepatitis C,1,0,0,1,1,0,0,1,1,0,0
Hepatitis C,1,0,0,1,1,0,0,1,1,0,0
Hepatitis C,1,0,0,1,1,0,0,1,1,0,0
Hepatitis C,1,0,0,1,1,0,0,1,1,0,0
Hepatitis C,1,0,0,1,1,0,0,1,1,0,0
Hepatitis C,1,0,0,1,1,0,0,1,1,0,0
Hepatitis C,1,0,0,1,1,0,0,1,1,0,0
Hepatitis C,1,0,0,1,1,0,0,1,1,0,0
Hepatitis C,1,0,0,1,1,0,0,1,1,0,0
Hepatitis C,1,0,0,1,0,0,0,1,1,0,0
Hepatitis C,1,0,0,1,1,0,0,1,1,0,0
Hepatitis C,1,0,0,1,1,0,0,1,1,0,0
Hepatitis C,1,0,0,1,1,0,0,1,1,0,0
Hepatitis C,1,0,0,1,1,0,0,1,0,0,0
Hepatitis C,1,0,0,1,1,0,0,1,1,0,0
Hepatitis C,1,0,0,1,1,0,0,1,1,0,0
Hepatitis C,1,0,0,1,1,0,0,1,1,0,0
Hepatitis C,1,0,0,1,1,0,0,1,1,0,0
Hepatitis C,1,0,0,1,1,0,0,1,1,0,0
Hepatitis C,1,0,0,1,1,0,0,1,1,0,0
Hepatitis C,1,0,0,1,1,0,0,1,1,0,0
Hepatitis C,1,0,0,1,1,0,0,1,1,0,0
Hepatitis C,1,0,0,1,1,0,0,1,1,0,0
Hepatitis C,1,0,0,1,1,0,0,1,0,0,0
Hepatitis C,1,0,0,0,1,0,0,1,1,0,0
Hepatitis C,1,0,0,1,1,0,0,0,1,0,0
Hepatitis C,0,0,0,1,1,0,0,1,1,0,0
Hepatitis C,1,0,0,1,1,0,0,1,1,0,0
Hepatitis C,1,0,0,1,1,0,0,1,0,0,0
Hepatitis C,1,0,0,1,1,0,0,1,1,0,0
Hepatitis C,1,0,0,1,1,0,0,1,1,0,0
Hepatitis C,1,0,0,1,1,0,0,1,1,0,0
Hepatitis C,1,0,0,1,1,0,0,1,1,0,0
Hepatitis C,1,0,0,1,1,0,0,1,1,0,0
Hepatitis C,1,0,0,1,1,0,0,1,1,0,0
Hepatitis C,1,0,0,1,1,0,0,1,1,0,0
Hepatitis C,1,0,0,1,0,0,0,1,1,0,0
Hepatitis C,1,0,0,1,1,0,0,1,1,0,0
Hepatitis C,1,0,0,1,1,0,0,1,1,0,0
Hepatitis C,1,0,0,1,1,0,0,1,1,0,0
Hepatitis C,1,0,0,1,1,0,0,1,1,0,0
Hepatitis C,1,0,0,1,1,0,0,1,1,0,0
Hepatitis C,1,0,0,1,1,0,0,1,1,0,0
Hepatitis C,1,0,0,1,1,0,0,1,0,0,0
Hepatitis C,1,0,0,0,1,0,0,1,1,0,0
Hepatitis C,1,0,0,1,0,0,0,1,1,0,0
Hepatitis C,1,0,0,1,1,0,0,0,1,0,0
Hepatitis C,0,0,0,1,1,0,0,1,1,0,0
Hepatitis C,1,0,0,1,1,0,0,1,1,0,0
Hepatitis C,1,0,0,1,1,0,0,1,0,0,0
Hepatitis C,1,0,0,1,1,0,0,1,1,0,0
Hepatitis C,1,0,0,1,1,0,0,1,1,0,0
Hepatitis C,1,0,0,1,1,0,0,1,1,0,0
Hepatitis C,1,0,0,1,1,0,0,1,1,0,0
Hepatitis C,1,0,0,1,1,0,0,1,1,0,0
Hepatitis C,1,0,0,1,1,0,0,1,1,0,0
Hepatitis C,1,0,0,1,1,0,0,1,1,0,0
Hepatitis C,1,0,0,1,1,0,0,1,1,0,0
Hepatitis C,1,0,0,1,1,0,0,1,1,0,0
Hepatitis C,1,0,0,1,1,0,0,1,1,0,0
Hepatitis C,1,0,0,1,1,0,0,1,1,0,0
Hepatitis C,1,0,0,1,1,0,0,1,1,0,0
Hepatitis C,1,0,0,1,1,0,0,1,1,0,0
Hepatitis C,1,0,0,1,1,0,0,1,0,0,0
Hepatitis C,1,0,0,1,1,0,0,1,1,0,0
Hepatitis C,1,0,0,1,1,0,0,1,1,0,0
Hepatitis C,1,0,0,1,1,0,0,1,1,0,0
Hepatitis C,1,0,0,1,1,0,0,1,1,0,0
Hepatitis C,1,0,0,1,1,0,0,1,1,0,0
Hepatitis C,1,0,0,1,1,0,0,1,1,0,0
Hepatitis C,1,0,0,1,1,0,0,1,0,0,0
Hepatitis C,1,0,0,0,1,0,0,1,1,0,0
Hepatitis C,1,0,0,1,1,0,0,1,1,0,0
Hepatitis C,1,0,0,1,1,0,0,1,1,0,0
Hepatitis C,1,0,0,1,1,0,0,1,1,0,0
Hepatitis C,1,0,0,1,1,0,0,0,1,0,0
Hepatitis C,1,0,0,1,1,0,0,1,1,0,0
Hepatitis C,1,0,0,1,1,0,0,1,1,0,0
Hepatitis C,1,0,0,1,1,0,0,1,1,0,0
Hepatitis C,1,0,0,1,1,0,0,1,1,0,0
Hepatitis C,1,0,0,1,1,0,0,1,1,0,0
Hepatitis C,1,0,0,1,1,0,0,1,1,0,0
Hepatitis C,1,0,0,1,1,0,0,1,1,0,0
Hepatitis C,1,0,0,1,1,0,0,1,0,0,0
Hepatitis C,1,0,0,0,1,0,0,1,1,0,0
Hepatitis C,1,0,0,1,0,0,0,1,1,0,0
Hepatitis C,1,0,0,1,1,0,0,0,1,0,0
Hepatitis C,1,0,0,1,1,0,0,1,1,0,0
Hepatitis C,0,0,0,1,1,0,0,1,1,0,0
Hepatitis C,0,0,0,1,1,0,0,1,1,0,0
Hepatitis C,1,0,0,1,1,0,0,1,1,0,0
Hepatitis C,1,0,0,1,1,0,0,1,1,0,0
Hepatitis C,1,0,0,1,1,0,0,1,0,0,0
Hepatitis C,1,0,0,1,1,0,0,1,0,0,0
Hepatitis C,1,0,0,1,1,0,0,1,1,0,0
Hepatitis C,1,0,0,1,1,0,0,0,1,0,0
Hepatitis C,1,0,0,0,1,0,0,1,1,0,0
Hepatitis C,1,0,0,1,0,0,0,1,1,0,0
Hepatitis C,1,0,0,1,1,0,0,1,1,0,0
Hepatitis C,1,0,0,1,1,0,0,1,1,0,0
Hepatitis C,1,0,0,1,1,0,0,1,1,0,0
Hepatitis C,1,0,0,1,1,0,0,1,1,0,0
Hepatitis C,1,0,0,1,1,0,0,1,1,0,0
Hepatitis C,1,0,0,1,1,0,0,1,0,0,0
Hepatitis C,1,0,0,1,1,0,0,1,1,0,0
Hepatitis C,0,0,0,1,1,0,0,1,1,0,0
Hepatitis C,1,0,0,1,1,0,0,1,1,0,0
Hepatitis C,1,0,0,1,1,0,0,1,1,0,0
Hepatitis C,0,0,0,1,1,0,0,1,1,0,0
Hepatitis C,1,0,0,1,1,0,0,1,1,0,0
Hepatitis C,1,0,0,1,1,0,0,1,1,0,0
Hepatitis C,1,0,0,1,1,0,0,1,1,0,0
Hepatitis C,1,0,0,0,1,0,0,1,1,0,0
Hepatitis C,1,0,0,1,1,0,0,1,1,0,0
Hepatitis C,1,0,0,1,1,0,0,1,1,0,0
Hepatitis C,1,0,0,1,1,0,0,1,1,0,0
Hepatitis C,1,0,0,1,1,0,0,0,1,0,0
Hepatitis C,1,0,0,1,1,0,0,1,0,0,0
Hepatitis C,1,0,0,1,0,0,0,1,1,0,0
Hepatitis C,1,0,0,1,1,0,0,1,1,0,0
Hepatitis D,1,1,0,1,1,0,1,1,1,0,0
Hepatitis D,1,1,0,1,0,0,1,1,1,0,0
Hepatitis D,1,1,0,0,1,0,1,1,1,0,0
Hepatitis D,1,1,0,1,1,0,0,1,1,0,0
Hepatitis D,1,1,0,0,1,0,1,1,1,0,0
Hepatitis D,1,1,0,1,1,0,0,1,1,0,0
Hepatitis D,1,1,0,1,1,0,1,1,1,0,0
Hepatitis D,1,1,0,1,1,0,1,1,1,0,0
Hepatitis D,1,1,0,1,1,0,1,1,1,0,0
Hepatitis D,1,1,0,1,1,0,1,1,1,0,0
Hepatitis D,1,1,0,1,1,0,1,1,0,0,0
Hepatitis D,1,1,0,1,1,0,1,1,1,0,0
Hepatitis D,1,1,0,1,1,0,1,0,1,0,0
Hepatitis D,0,1,0,1,1,0,1,1,1,0,0
Hepatitis D,1,0,0,1,1,0,1,1,1,0,0
Hepatitis D,1,1,0,1,1,0,1,1,1,0,0
Hepatitis D,1,1,0,1,1,0,1,1,1,0,0
Hepatitis D,1,1,0,1,1,0,1,1,1,0,0
Hepatitis D,1,1,0,1,1,0,1,1,1,0,0
Hepatitis D,1,1,0,1,1,0,1,1,1,0,0
Hepatitis D,1,1,0,1,1,0,1,1,1,0,0
Hepatitis D,1,1,0,1,1,0,1,1,1,0,0
Hepatitis D,1,1,0,1,1,0,1,1,1,0,0
Hepatitis D,1,1,0,1,1,0,1,1,0,0,0
Hepatitis D,1,1,0,1,1,0,1,1,1,0,0
Hepatitis D,1,1,0,1,1,0,1,1,1,0,0
Hepatitis D,1,1,0,1,1,0,1,0,1,0,0
Hepatitis D,1,1,0,1,1,0,1,1,1,0,0
Hepatitis D,1,1,0,1,1,0,1,1,1,0,0
Hepatitis D,1,1,0,1,1,0,1,1,1,0,0
Hepatitis D,1,0,0,1,1,0,1,1,1,0,0
Hepatitis D,1,1,0,1,1,0,1,1,1,0,0
Hepatitis D,1,1,0,1,1,0,1,1,0,0,0
Hepatitis D,1,1,0,1,1,0,0,1,1,0,0
Hepatitis D,1,1,0,0,1,0,1,1,1,0,0
Hepatitis D,1,1,0,1,0,0,1,1,1,0,0
Hepatitis D,1,1,0,1,1,0,1,1,1,0,0
Hepatitis D,1,1,0,1,1,0,1,1,1,0,0
Hepatitis D,1,1,0,1,1,0,1,0,1,0,0
Hepatitis D,0,1,0,1,1,0,1,1,1,0,0
Hepatitis D,1,0,0,1,1,0,1,1,1,0,0
Hepatitis D,0,1,0,1,1,0,1,1,1,0,0
Hepatitis D,1,1,0,1,1,0,1,1,1,0,0
Hepatitis D,1,1,0,1,1,0,1,1,1,0,0
Hepatitis D,1,1,0,1,0,0,1,1,1,0,0
Hepatitis D,1,1,0,1,1,0,1,1,1,0,0
Hepatitis D,1,1,0,1,1,0,1,1,1,0,0
Hepatitis D,1,1,0,1,1,0,1,1,1,0,0
Hepatitis D,1,1,0,1,0,0,1,1,1,0,0
Hepatitis D,1,1,0,1,1,0,1,1,1,0,0
Hepatitis D,1,1,0,1,1,0,1,1,1,0,0
Hepatitis D,1,1,0,1,1,0,1,1,1,0,0
Hepatitis D,1,1,0,1,1,0,1,1,1,0,0
Hepatitis D,1,1,0,1,1,0,1,1,1,0,0
Hepatitis D,1,1,0,1,1,0,1,1,1,0,0
Hepatitis D,1,1,0,1,1,0,1,1,1,0,0
Hepatitis D,1,1,0,1,1,0,1,1,1,0,0
Hepatitis D,1,1,0,1,1,0,1,1,1,0,0
Hepatitis D,1,1,0,1,1,0,1,1,1,0,0
Hepatitis D,1,1,0,1,1,0,1,1,0,0,0
Hepatitis D,1,1,0,1,1,0,0,1,1,0,0
Hepatitis D,1,1,0,0,1,0,1,1,1,0,0
Hepatitis D,1,1,0,1,1,0,1,1,0,0,0
Hepatitis D,1,1,0,1,1,0,1,1,1,0,0
Hepatitis D,1,1,0,1,1,0,1,1,1,0,0
Hepatitis D,1,1,0,1,1,0,1,1,1,0,0
Hepatitis D,1,1,0,1,1,0,1,0,1,0,0
Hepatitis D,1,1,0,1,1,0,1,1,1,0,0
Hepatitis D,1,1,0,1,1,0,1,0,1,0,0
Hepatitis D,0,1,0,1,1,0,1,1,1,0,0
Hepatitis D,1,1,0,1,1,0,1,1,1,0,0
Hepatitis D,1,1,0,1,1,0,1,1,1,0,0
Hepatitis D,1,1,0,1,1,0,1,1,1,0,0
Hepatitis D,1,1,0,1,1,0,1,1,1,0,0
Hepatitis D,1,1,0,1,1,0,1,1,1,0,0
Hepatitis D,1,1,0,1,1,0,1,1,1,0,0
Hepatitis D,1,1,0,1,1,0,1,1,1,0,0
Hepatitis D,1,0,0,1,1,0,1,1,1,0,0
Hepatitis D,0,1,0,1,1,0,1,1,1,0,0
Hepatitis D,1,1,0,1,1,0,1,0,1,0,0
Hepatitis D,1,1,0,1,1,0,1,1,1,0,0
Hepatitis D,1,1,0,1,0,0,1,1,1,0,0
Hepatitis D,1,1,0,1,1,0,1,1,1,0,0
Hepatitis D,1,1,0,1,0,0,1,1,1,0,0
Hepatitis D,1,1,0,1,1,0,1,1,1,0,0
Hepatitis D,1,1,0,0,1,0,1,1,1,0,0
Hepatitis D,1,1,0,1,1,0,0,1,1,0,0
Hepatitis D,1,0,0,1,1,0,1,1,1,0,0
Hepatitis D,1,1,0,1,1,0,1,1,1,0,0
Hepatitis D,1,1,0,1,1,0,1,1,1,0,0
Hepatitis D,1,1,0,1,1,0,1,1,1,0,0
Hepatitis D,1,1,0,1,1,0,1,1,1,0,0
Hepatitis D,1,1,0,1,1,0,1,1,1,0,0
Hepatitis D,1,1,0,1,1,0,1,1,1,0,0
Hepatitis D,1,1,0,1,1,0,1,1,1,0,0
Hepatitis D,1,1,0,1,1,0,1,1,1,0,0
Hepatitis D,1,1,0,1,1,0,1,1,1,0,0
Hepatitis D,1,1,0,1,1,0,1,1,1,0,0
Hepatitis D,1,1,0,0,1,0,1,1,1,0,0
Hepatitis D,1,1,0,1,1,0,1,1,1,0,0
Hepatitis D,1,1,0,1,1,0,1,1,1,0,0
Hepatitis D,1,1,0,1,1,0,1,1,0,0,0
Hepatitis D,1,1,0,1,1,0,1,1,1,0,0
Hepatitis D,1,1,0,1,1,0,0,1,1,0,0
Hepatitis D,1,1,0,1,1,0,1,1,1,0,0
Hepatitis D,1,1,0,1,1,0,1,1,1,0,0
Hepatitis D,1,1,0,1,1,0,1,1,1,0,0
Hepatitis D,1,1,0,1,1,0,1,1,1,0,0
Hepatitis D,1,1,0,1,1,0,1,1,1,0,0
Hepatitis D,1,1,0,1,1,0,1,1,1,0,0
Hepatitis D,1,1,0,1,1,0,1,1,1,0,0
Hepatitis D,1,1,0,1,1,0,1,1,1,0,0
Hepatitis D,1,0,0,1,1,0,1,1,1,0,0
Hepatitis D,1,1,0,1,1,0,1,1,1,0,0
Hepatitis D,0,1,0,1,1,0,1,1,1,0,0
Hepatitis D,1,1,0,1,1,0,1,1,1,0,0
Hepatitis D,1,1,0,1,1,0,1,1,1,0,0
Hepatitis D,1,1,0,1,1,0,1,1,1,0,0
Hepatitis D,1,1,0,1,1,0,1,1,1,0,0
Hepatitis D,1,1,0,1,1,0,1,1,1,0,0
Hepatitis E,1,1,1,1,1,0,1,1,1,0,0
Hepatitis E,1,1,1,1,1,0,1,1,1,0,0
Hepatitis E,1,1,1,1,1,0,1,1,1,0,0
Hepatitis E,1,1,1,1,1,0,1,1,1,0,0
Hepatitis E,1,1,1,1,1,0,1,1,1,0,0
Hepatitis E,1,1,1,1,1,0,1,1,1,0,0
Hepatitis E,1,1,1,1,1,0,1,1,1,0,0
Hepatitis E,1,1,1,1,1,0,1,1,1,0,0
Hepatitis E,1,1,1,1,1,0,1,1,1,0,0
Hepatitis E,1,1,1,1,1,0,1,1,1,0,0
Hepatitis E,1,1,1,1,1,0,1,1,1,0,0
Hepatitis E,0,1,1,1,1,0,1,1,1,0,0
Hepatitis E,1,1,1,1,1,0,1,1,1,0,0
Hepatitis E,1,1,1,1,1,0,1,1,1,0,0
Hepatitis E,1,1,1,1,1,0,1,1,1,0,0
Hepatitis E,1,1,1,1,1,0,1,1,1,0,0
Hepatitis E,1,1,1,1,1,0,1,1,1,0,0
Hepatitis E,1,1,1,1,1,0,1,1,1,0,0
Hepatitis E,1,1,1,1,1,0,1,1,1,0,0
Hepatitis E,1,1,1,1,1,0,1,1,1,0,0
Hepatitis E,1,1,1,1,1,0,1,1,1,0,0
Hepatitis E,1,1,1,1,1,0,1,1,1,0,0
Hepatitis E,1,1,1,1,1,0,1,1,1,0,0
Hepatitis E,1,1,1,1,1,0,1,0,1,0,0
Hepatitis E,1,1,0,1,1,0,1,1,1,0,0
Hepatitis E,0,1,1,1,1,0,1,1,1,0,0
Hepatitis E,1,1,1,1,1,0,1,1,1,0,0
Hepatitis E,1,1,1,1,0,0,1,1,1,0,0
Hepatitis E,1,1,1,1,1,0,1,1,1,0,0
Hepatitis E,1,1,1,1,1,0,1,1,1,0,0
Hepatitis E,1,1,1,1,1,0,1,1,1,0,0
Hepatitis E,1,0,1,1,1,0,1,1,1,0,0
Hepatitis E,1,1,1,1,1,0,1,1,1,0,0
Hepatitis E,1,1,1,1,1,0,1,1,1,0,0
Hepatitis E,1,1,1,1,1,0,1,1,1,0,0
Hepatitis E,1,1,1,1,1,0,1,1,1,0,0
Hepatitis E,1,1,1,1,1,0,1,1,1,0,0
Hepatitis E,1,1,1,1,1,0,1,1,1,0,0
Hepatitis E,1,1,1,1,1,0,1,1,1,0,0
Hepatitis E,1,1,1,1,1,0,1,1,1,0,0
Hepatitis E,1,1,1,1,1,0,1,1,1,0,0
Hepatitis E,1,1,1,1,1,0,1,1,1,0,0
Hepatitis E,1,1,1,1,1,0,1,1,1,0,0
Hepatitis E,1,1,1,1,1,0,1,1,1,0,0
Hepatitis E,1,1,1,1,1,0,1,1,1,0,0
Hepatitis E,1,1,0,1,1,0,1,1,1,0,0
Hepatitis E,1,1,1,1,1,0,1,1,1,0,0
Hepatitis E,0,1,1,1,1,0,1,1,1,0,0
Hepatitis E,1,1,1,1,1,0,1,1,1,0,0
Hepatitis E,1,1,0,1,1,0,1,1,1,0,0
Hepatitis E,1,1,1,1,1,0,1,1,1,0,0
Hepatitis E,1,1,1,1,1,0,1,0,1,0,0
Hepatitis E,1,1,1,1,1,0,1,1,1,0,0
Hepatitis E,1,1,1,1,1,0,1,1,1,0,0
Hepatitis E,1,1,1,1,1,0,1,1,1,0,0
Hepatitis E,1,1,1,1,1,0,1,1,1,0,0
Hepatitis E,1,1,1,1,1,0,1,1,1,0,0
Hepatitis E,1,1,1,1,0,0,1,1,1,0,0
Hepatitis E,1,0,1,1,1,0,1,1,1,0,0
Hepatitis E,1,1,1,1,1,0,1,1,1,0,0
Hepatitis E,1,1,1,1,1,0,1,1,1,0,0
Hepatitis E,1,1,1,1,1,0,1,1,1,0,0
Hepatitis E,1,1,1,1,1,0,1,1,1,0,0
Hepatitis E,1,1,1,1,1,0,1,1,1,0,0
Hepatitis E,1,0,1,1,1,0,1,1,1,0,0
Hepatitis E,1,1,1,1,1,0,1,1,1,0,0
Hepatitis E,1,0,1,1,1,0,1,1,1,0,0
Hepatitis E,1,1,1,1,1,0,1,1,1,0,0
Hepatitis E,1,1,1,1,1,0,1,1,1,0,0
Hepatitis E,1,1,1,1,1,0,1,1,1,0,0
Hepatitis E,1,1,1,1,1,0,1,1,1,0,0
Hepatitis E,1,1,1,1,1,0,1,1,1,0,0
Hepatitis E,1,1,1,1,1,0,1,1,1,0,0
Hepatitis E,1,1,1,1,1,0,1,1,1,0,0
Hepatitis E,1,1,1,1,1,0,1,1,1,0,0
Hepatitis E,1,1,1,1,0,0,1,1,1,0,0
Hepatitis E,1,1,1,1,1,0,1,1,1,0,0
Hepatitis E,1,1,1,1,1,0,1,1,1,0,0
Hepatitis E,1,1,1,1,1,0,1,1,1,0,0
Hepatitis E,1,1,1,1,1,0,1,1,1,0,0
Hepatitis E,1,1,1,1,1,0,1,1,1,0,0
Hepatitis E,1,1,1,1,1,0,1,1,1,0,0
Hepatitis E,1,1,1,1,1,0,1,1,1,0,0
Hepatitis E,1,1,1,1,1,0,1,1,1,0,0
Hepatitis E,1,1,1,1,1,0,1,1,1,0,0
Hepatitis E,1,1,1,1,1,0,1,1,1,0,0
Hepatitis E,1,1,1,1,1,0,1,1,1,0,0
Hepatitis E,1,1,1,1,1,0,1,1,1,0,0
Hepatitis E,1,1,1,1,1,0,1,1,1,0,0
Hepatitis E,1,1,1,1,1,0,1,1,1,0,0
Hepatitis E,1,1,1,1,1,0,1,1,1,0,0
Hepatitis E,1,1,1,1,1,0,1,1,1,0,0
Hepatitis E,1,1,1,1,1,0,1,1,1,0,0
Hepatitis E,1,1,1,1,1,0,1,1,1,0,0
Hepatitis E,1,1,1,1,1,0,1,0,1,0,0
Hepatitis E,1,1,1,1,1,0,1,1,1,0,0
Hepatitis E,1,1,1,1,1,0,1,0,1,0,0
Hepatitis E,1,1,1,1,1,0,1,1,1,0,0
Hepatitis E,1,1,1,1,1,0,1,1,1,0,0
Hepatitis E,1,1,1,1,0,0,1,1,1,0,0
Hepatitis E,1,1,0,1,1,0,1,1,1,0,0
Hepatitis E,1,1,1,1,1,0,1,1,1,0,0
Hepatitis E,1,1,0,1,1,0,1,1,1,0,0
Hepatitis E,0,1,1,1,1,0,1,1,1,0,0
Hepatitis E,1,1,1,1,1,0,1,0,1,0,0
Hepatitis E,1,1,1,1,0,0,1,1,1,0,0
Hepatitis E,1,1,1,1,1,0,1,1,1,0,0
Hepatitis E,1,1,1,1,1,0,1,1,1,0,0
Hepatitis E,1,0,1,1,1,0,1,1,1,0,0
Hepatitis E,1,1,1,1,1,0,1,1,1,0,0
Hepatitis E,1,1,1,1,1,0,1,1,1,0,0
Hepatitis E,0,1,1,1,1,0,1,1,1,0,0
Hepatitis E,1,0,1,1,1,0,1,1,1,0,0
Hepatitis E,1,1,1,1,1,0,1,1,1,0,0
Hepatitis E,1,1,1,1,0,0,1,1,1,0,0
Hepatitis E,1,1,1,1,1,0,1,0,1,0,0
Hepatitis E,0,1,1,1,1,0,1,1,1,0,0
Hepatitis E,1,1,1,1,1,0,1,1,1,0,0
Hepatitis E,1,1,0,1,1,0,1,1,1,0,0
Hepatitis E,1,1,1,1,1,0,1,1,1,0,0
Hypoglycemia,1,1,0,0,1,1,0,0,0,0,0
Hypoglycemia,1,1,0,0,1,1,0,0,0,0,0
Hypoglycemia,1,1,0,0,1,1,0,0,0,0,0
Hypoglycemia,1,1,0,0,1,1,0,0,0,0,0
Hypoglycemia,1,1,0,0,1,1,0,0,0,0,0
Hypoglycemia,1,1,0,0,1,1,0,0,0,0,0
Hypoglycemia,1,1,0,0,1,1,0,0,0,0,0
Hypoglycemia,1,1,0,0,1,1,0,0,0,0,0
Hypoglycemia,1,1,0,0,1,1,0,0,0,0,0
Hypoglycemia,1,1,0,0,1,1,0,0,0,0,0
Hypoglycemia,1,1,0,0,1,1,0,0,0,0,0
Hypoglycemia,1,1,0,0,1,1,0,0,0,0,0
Hypoglycemia,1,1,0,0,1,1,0,0,0,0,0
Hypoglycemia,1,1,0,0,1,1,0,0,0,0,0
Hypoglycemia,1,1,0,0,1,1,0,0,0,0,0
Hypoglycemia,1,1,0,0,1,1,0,0,0,0,0
Hypoglycemia,1,1,0,0,1,1,0,0,0,0,0
Hypoglycemia,1,1,0,0,1,1,0,0,0,0,0
Hypoglycemia,1,1,0,0,1,1,0,0,0,0,0
Hypoglycemia,1,1,0,0,1,1,0,0,0,0,0
Hypoglycemia,1,1,0,0,1,1,0,0,0,0,0
Hypoglycemia,1,1,0,0,1,1,0,0,0,0,0
Hypoglycemia,1,1,0,0,1,1,0,0,0,0,0
Hypoglycemia,1,1,0,0,1,1,0,0,0,0,0
Hypoglycemia,1,1,0,0,1,1,0,0,0,0,0
Hypoglycemia,1,1,0,0,1,1,0,0,0,0,0
Hypoglycemia,1,1,0,0,1,1,0,0,0,0,0
Hypoglycemia,1,1,0,0,1,1,0,0,0,0,0
Hypoglycemia,1,1,0,0,1,1,0,0,0,0,0
Hypoglycemia,1,1,0,0,1,1,0,0,0,0,0
Hypoglycemia,1,1,0,0,1,1,0,0,0,0,0
Hypoglycemia,1,1,0,0,1,1,0,0,0,0,0
Hypoglycemia,1,1,0,0,1,1,0,0,0,0,0
Hypoglycemia,1,1,0,0,1,1,0,0,0,0,0
Hypoglycemia,1,1,0,0,1,1,0,0,0,0,0
Hypoglycemia,1,1,0,0,1,1,0,0,0,0,0
Hypoglycemia,1,1,0,0,1,1,0,0,0,0,0
Hypoglycemia,1,1,0,0,1,1,0,0,0,0,0
Hypoglycemia,1,1,0,0,1,1,0,0,0,0,0
Hypoglycemia,1,1,0,0,1,1,0,0,0,0,0
Hypoglycemia,1,1,0,0,1,1,0,0,0,0,0
Hypoglycemia,1,1,0,0,1,1,0,0,0,0,0
Hypoglycemia,1,1,0,0,1,1,0,0,0,0,0
Hypoglycemia,1,1,0,0,1,1,0,0,0,0,0
Hypoglycemia,1,1,0,0,1,1,0,0,0,0,0
Hypoglycemia,1,1,0,0,1,1,0,0,0,0,0
Hypoglycemia,1,1,0,0,1,1,0,0,0,0,0
Hypoglycemia,1,1,0,0,1,1,0,0,0,0,0
Hypoglycemia,1,1,0,0,1,1,0,0,0,0,0
Hypoglycemia,1,1,0,0,1,1,0,0,0,0,0
Hypoglycemia,1,1,0,0,1,1,0,0,0,0,0
Hypoglycemia,1,1,0,0,1,1,0,0,0,0,0
Hypoglycemia,1,1,0,0,1,1,0,0,0,0,0
Hypoglycemia,1,1,0,0,1,1,0,0,0,0,0
Hypoglycemia,1,1,0,0,1,1,0,0,0,0,0
Hypoglycemia,1,1,0,0,1,1,0,0,0,0,0
Hypoglycemia,1,1,0,0,1,1,0,0,0,0,0
Hypoglycemia,1,1,0,0,1,1,0,0,0,0,0
Hypoglycemia,1,1,0,0,1,1,0,0,0,0,0
Hypoglycemia,1,1,0,0,1,1,0,0,0,0,0
Hypoglycemia,1,1,0,0,1,1,0,0,0,0,0
Hypoglycemia,1,1,0,0,1,1,0,0,0,0,0
Hypoglycemia,1,1,0,0,1,1,0,0,0,0,0
Hypoglycemia,1,1,0,0,1,1,0,0,0,0,0
Hypoglycemia,1,1,0,0,1,1,0,0,0,0,0
Hypoglycemia,1,1,0,0,1,1,0,0,0,0,0
Hypoglycemia,1,1,0,0,1,1,0,0,0,0,0
Hypoglycemia,1,1,0,0,1,1,0,0,0,0,0
Hypoglycemia,1,1,0,0,1,1,0,0,0,0,0
Hypoglycemia,1,1,0,0,1,1,0,0,0,0,0
Hypoglycemia,1,1,0,0,1,1,0,0,0,0,0
Hypoglycemia,1,1,0,0,1,1,0,0,0,0,0
Hypoglycemia,1,1,0,0,1,1,0,0,0,0,0
Hypoglycemia,1,1,0,0,1,1,0,0,0,0,0
Hypoglycemia,1,1,0,0,1,1,0,0,0,0,0
Hypoglycemia,1,1,0,0,1,1,0,0,0,0,0
Hypoglycemia,1,1,0,0,1,1,0,0,0,0,0
Hypoglycemia,1,1,0,0,1,1,0,0,0,0,0
Hypoglycemia,1,1,0,0,1,1,0,0,0,0,0
Hypoglycemia,1,1,0,0,1,1,0,0,0,0,0
Hypoglycemia,1,1,0,0,1,1,0,0,0,0,0
Hypoglycemia,1,1,0,0,1,1,0,0,0,0,0
Hypoglycemia,1,1,0,0,1,1,0,0,0,0,0
Hypoglycemia,1,1,0,0,1,1,0,0,0,0,0
Hypoglycemia,1,1,0,0,1,1,0,0,0,0,0
Hypoglycemia,1,1,0,0,1,1,0,0,0,0,0
Hypoglycemia,1,1,0,0,1,1,0,0,0,0,0
Hypoglycemia,1,1,0,0,1,1,0,0,0,0,0
Hypoglycemia,1,1,0,0,1,1,0,0,0,0,0
Hypoglycemia,1,1,0,0,1,1,0,0,0,0,0
Hypoglycemia,1,1,0,0,1,1,0,0,0,0,0
Hypoglycemia,1,1,0,0,1,1,0,0,0,0,0
Hypoglycemia,1,1,0,0,1,1,0,0,0,0,0
Hypoglycemia,1,1,0,0,1,1,0,0,0,0,0
Hypoglycemia,1,1,0,0,1,1,0,0,0,0,0
Hypoglycemia,1,1,0,0,1,1,0,0,0,0,0
Jaundice,1,1,1,0,0,0,1,1,0,0,0
Jaundice,1,1,1,0,0,0,1,1,0,0,0
Jaundice,1,1,1,0,0,0,1,1,0,0,0
Jaundice,1,1,1,0,0,0,1,0,0,0,0
Jaundice,1,1,1,0,0,0,1,1,0,0,0
Jaundice,1,1,1,0,0,0,1,1,0,0,0
Jaundice,1,1,1,0,0,0,1,1,0,0,0
Jaundice,1,1,1,0,0,0,1,1,0,0,0
Jaundice,1,0,1,0,0,0,1,1,0,0,0
Jaundice,1,1,1,0,0,0,1,1,0,0,0
Jaundice,1,1,1,0,0,0,1,1,0,0,0
Jaundice,1,1,1,0,0,0,0,1,0,0,0
Jaundice,1,1,1,0,0,0,1,1,0,0,0
Jaundice,1,1,1,0,0,0,1,1,0,0,0
Jaundice,1,1,1,0,0,0,1,1,0,0,0
Jaundice,1,1,1,0,0,0,1,1,0,0,0
Jaundice,1,1,1,0,0,0,1,1,0,0,0
Jaundice,1,1,1,0,0,0,1,1,0,0,0
Jaundice,1,1,1,0,0,0,1,1,0,0,0
Jaundice,0,1,1,0,0,0,1,1,0,0,0
Jaundice,1,1,1,0,0,0,1,1,0,0,0
Jaundice,1,0,1,0,0,0,1,1,0,0,0
Jaundice,1,1,1,0,0,0,1,1,0,0,0
Jaundice,1,1,1,0,0,0,1,1,0,0,0
Jaundice,1,1,1,0,0,0,1,1,0,0,0
Jaundice,1,1,1,0,0,0,1,1,0,0,0
Jaundice,1,1,1,0,0,0,1,1,0,0,0
Jaundice,1,1,1,0,0,0,1,1,0,0,0
Jaundice,1,1,1,0,0,0,1,1,0,0,0
Jaundice,1,1,1,0,0,0,1,1,0,0,0
Jaundice,1,1,1,0,0,0,1,1,0,0,0
Jaundice,1,1,1,0,0,0,1,1,0,0,0
Jaundice,0,1,1,0,0,0,1,1,0,0,0
Jaundice,1,1,1,0,0,0,1,1,0,0,0
Jaundice,1,1,1,0,0,0,1,1,0,0,0
Jaundice,1,1,1,0,0,0,0,1,0,0,0
Jaundice,1,1,1,0,0,0,1,1,0,0,0
Jaundice,1,1,1,0,0,0,1,1,0,0,0
Jaundice,1,1,1,0,0,0,1,1,0,0,0
Jaundice,1,1,1,0,0,0,1,0,0,0,0
Jaundice,1,1,1,0,0,0,1,1,0,0,0
Jaundice,1,0,1,0,0,0,1,1,0,0,0
Jaundice,1,1,1,0,0,0,1,1,0,0,0
Jaundice,1,1,1,0,0,0,1,1,0,0,0
Jaundice,1,1,0,0,0,0,1,1,0,0,0
Jaundice,1,1,1,0,0,0,1,1,0,0,0
Jaundice,0,1,1,0,0,0,1,1,0,0,0
Jaundice,1,1,1,0,0,0,0,1,0,0,0
Jaundice,1,1,1,0,0,0,1,1,0,0,0
Jaundice,1,1,1,0,0,0,1,1,0,0,0
Jaundice,1,1,1,0,0,0,1,1,0,0,0
Jaundice,1,1,1,0,0,0,1,1,0,0,0
Jaundice,1,1,1,0,0,0,1,1,0,0,0
Jaundice,1,1,1,0,0,0,1,0,0,0,0
Jaundice,1,1,1,0,0,0,1,1,0,0,0
Jaundice,1,1,1,0,0,0,1,1,0,0,0
Jaundice,1,1,1,0,0,0,1,1,0,0,0
Jaundice,1,1,1,0,0,0,1,1,0,0,0
Jaundice,1,0,1,0,0,0,1,1,0,0,0
Jaundice,1,1,1,0,0,0,1,1,0,0,0
Jaundice,1,1,1,0,0,0,1,1,0,0,0
Jaundice,1,1,0,0,0,0,1,1,0,0,0
Jaundice,0,1,1,0,0,0,1,1,0,0,0
Jaundice,1,1,1,0,0,0,0,1,0,0,0
Jaundice,1,1,1,0,0,0,1,0,0,0,0
Jaundice,1,1,1,0,0,0,1,1,0,0,0
Jaundice,1,1,1,0,0,0,1,1,0,0,0
Jaundice,1,1,1,0,0,0,1,1,0,0,0
Jaundice,1,1,1,0,0,0,1,1,0,0,0
Jaundice,1,1,0,0,0,0,1,1,0,0,0
Jaundice,1,1,0,0,0,0,1,1,0,0,0
Jaundice,1,1,1,0,0,0,1,1,0,0,0
Jaundice,1,1,1,0,0,0,1,1,0,0,0
Jaundice,1,1,1,0,0,0,1,0,0,0,0
Jaundice,1,1,1,0,0,0,1,1,0,0,0
Jaundice,1,1,1,0,0,0,1,0,0,0,0
Jaundice,1,1,1,0,0,0,1,1,0,0,0
Jaundice,1,1,1,0,0,0,1,1,0,0,0
Jaundice,1,1,0,0,0,0,1,1,0,0,0
Jaundice,1,0,1,0,0,0,1,1,0,0,0
Jaundice,1,1,1,0,0,0,1,1,0,0,0
Jaundice,1,1,1,0,0,0,1,1,0,0,0
Jaundice,1,1,1,0,0,0,1,1,0,0,0
Jaundice,1,1,1,0,0,0,1,1,0,0,0
Jaundice,1,1,1,0,0,0,1,1,0,0,0
Jaundice,1,1,1,0,0,0,1,1,0,0,0
Jaundice,1,1,1,0,0,0,1,1,0,0,0
Jaundice,1,1,1,0,0,0,1,1,0,0,0
Jaundice,1,1,1,0,0,0,1,1,0,0,0
Jaundice,0,1,1,0,0,0,1,1,0,0,0
Jaundice,1,1,1,0,0,0,1,1,0,0,0
Jaundice,1,1,1,0,0,0,1,1,0,0,0
Jaundice,1,1,1,0,0,0,0,1,0,0,0
Jaundice,1,1,1,0,0,0,1,1,0,0,0
Jaundice,1,1,1,0,0,0,1,1,0,0,0
Jaundice,1,1,1,0,0,0,1,1,0,0,0
Jaundice,1,1,1,0,0,0,1,1,0,0,0
Jaundice,1,1,1,0,0,0,1,1,0,0,0
Jaundice,1,1,1,0,0,0,1,1,0,0,0
Jaundice,1,1,1,0,0,0,1,1,0,0,0
Jaundice,1,1,1,0,0,0,1,1,0,0,0
Jaundice,1,1,1,0,0,0,1,1,0,0,0
Jaundice,1,1,1,0,0,0,1,1,0,0,0
Jaundice,1,1,1,0,0,0,1,1,0,0,0
Jaundice,1,1,0,0,0,0,1,1,0,0,0
Jaundice,1,1,1,0,0,0,1,1,0,0,0
Jaundice,1,1,1,0,0,0,1,1,0,0,0
Jaundice,1,1,1,0,0,0,0,1,0,0,0
Jaundice,1,1,1,0,0,0,1,1,0,0,0
Jaundice,1,1,1,0,0,0,1,1,0,0,0
Jaundice,1,1,1,0,0,0,1,1,0,0,0
Jaundice,1,1,1,0,0,0,1,1,0,0,0
Jaundice,1,1,1,0,0,0,1,1,0,0,0
Jaundice,1,0,1,0,0,0,1,1,0,0,0
Jaundice,1,1,1,0,0,0,1,1,0,0,0
Jaundice,1,1,1,0,0,0,1,1,0,0,0
Jaundice,0,1,1,0,0,0,1,1,0,0,0
Jaundice,1,1,1,0,0,0,1,1,0,0,0
Jaundice,1,1,1,0,0,0,1,1,0,0,0
Jaundice,1,1,1,0,0,0,1,1,0,0,0
Malaria,0,0,1,0,1,1,0,0,0,1,0
Malaria,0,1,1,0,1,1,0,0,0,1,0
Malaria,0,1,1,0,1,1,0,0,0,1,0
Malaria,0,1,1,0,0,1,0,0,0,1,0
Malaria,0,1,1,0,1,1,0,0,0,1,0
Malaria,0,1,1,0,1,1,0,0,0,1,0
Malaria,0,1,1,0,1,1,0,0,0,1,0
Malaria,0,1,1,0,1,1,0,0,0,1,0
Malaria,0,1,1,0,0,1,0,0,0,1,0
Malaria,0,1,1,0,1,1,0,0,0,1,0
Malaria,0,1,1,0,1,1,0,0,0,1,0
Malaria,0,1,1,0,0,1,0,0,0,1,0
Malaria,0,1,1,0,1,1,0,0,0,0,0
Malaria,0,1,1,0,1,1,0,0,0,1,0
Malaria,0,1,1,0,1,1,0,0,0,1,0
Malaria,0,1,1,0,1,1,0,0,0,0,0
Malaria,0,1,1,0,1,1,0,0,0,1,0
Malaria,0,0,1,0,1,1,0,0,0,1,0
Malaria,0,0,1,0,1,1,0,0,0,1,0
Malaria,0,1,1,0,1,1,0,0,0,1,0
Malaria,0,1,1,0,1,1,0,0,0,0,0
Malaria,0,1,1,0,1,1,0,0,0,1,0
Malaria,0,1,0,0,1,1,0,0,0,1,0
Malaria,0,1,1,0,1,1,0,0,0,1,0
Malaria,0,1,1,0,1,1,0,0,0,1,0
Malaria,0,1,0,0,1,1,0,0,0,1,0
Malaria,0,0,1,0,1,1,0,0,0,1,0
Malaria,0,1,1,0,1,0,0,0,0,1,0
Malaria,0,1,1,0,1,1,0,0,0,1,0
Malaria,0,1,1,0,1,1,0,0,0,1,0
Malaria,0,1,1,0,1,1,0,0,0,1,0
Malaria,0,1,1,0,1,1,0,0,0,1,0
Malaria,0,1,1,0,1,1,0,0,0,1,0
Malaria,0,1,1,0,1,1,0,0,0,1,0
Malaria,0,1,1,0,1,1,0,0,0,1,0
Malaria,0,1,1,0,1,1,0,0,0,0,0
Malaria,0,1,1,0,1,1,0,0,0,1,0
Malaria,0,1,1,0,1,1,0,0,0,1,0
Malaria,0,1,1,0,1,1,0,0,0,1,0
Malaria,0,1,1,0,1,1,0,0,0,1,0
Malaria,0,1,1,0,1,1,0,0,0,1,0
Malaria,0,1,1,0,1,1,0,0,0,1,0
Malaria,0,1,1,0,1,1,0,0,0,1,0
Malaria,0,1,1,0,1,1,0,0,0,1,0
Malaria,0,1,1,0,1,0,0,0,0,1,0
Malaria,0,1,1,0,1,1,0,0,0,1,0
Malaria,0,1,1,0,1,1,0,0,0,1,0
Malaria,0,1,1,0,1,1,0,0,0,1,0
Malaria,0,1,1,0,1,1,0,0,0,1,0
Malaria,0,1,1,0,1,1,0,0,0,1,0
Malaria,0,1,1,0,1,1,0,0,0,1,0
Malaria,0,1,1,0,1,0,0,0,0,1,0
Malaria,0,1,1,0,1,1,0,0,0,1,0
Malaria,0,1,0,0,1,1,0,0,0,1,0
Malaria,0,1,0,0,1,1,0,0,0,1,0
Malaria,0,1,1,0,1,1,0,0,0,0,0
Malaria,0,1,1,0,1,1,0,0,0,1,0
Malaria,0,1,1,0,1,1,0,0,0,1,0
Malaria,0,1,1,0,1,1,0,0,0,1,0
Malaria,0,1,1,0,1,1,0,0,0,1,0
Malaria,0,1,1,0,1,1,0,0,0,1,0
Malaria,0,1,1,0,1,1,0,0,0,1,0
Malaria,0,1,1,0,1,1,0,0,0,1,0
Malaria,0,1,1,0,1,1,0,0,0,1,0
Malaria,0,1,1,0,1,1,0,0,0,1,0
Malaria,0,1,1,0,1,1,0,0,0,1,0
Malaria,0,1,1,0,1,1,0,0,0,1,0
Malaria,0,1,1,0,1,1,0,0,0,1,0
Malaria,0,1,1,0,1,1,0,0,0,1,0
Malaria,0,1,1,0,1,1,0,0,0,1,0
Malaria,0,1,1,0,1,1,0,0,0,1,0
Malaria,0,1,1,0,1,1,0,0,0,1,0
Malaria,0,0,1,0,1,1,0,0,0,1,0
Malaria,0,1,1,0,1,1,0,0,0,1,0
Malaria,0,1,1,0,1,1,0,0,0,1,0
Malaria,0,1,1,0,1,1,0,0,0,1,0
Malaria,0,1,1,0,1,1,0,0,0,1,0
Malaria,0,1,1,0,1,1,0,0,0,1,0
Malaria,0,1,1,0,1,1,0,0,0,1,0
Malaria,0,1,1,0,1,1,0,0,0,1,0
Malaria,0,1,1,0,1,1,0,0,0,1,0
Malaria,0,1,1,0,1,1,0,0,0,1,0
Malaria,0,1,1,0,0,1,0,0,0,1,0
Malaria,0,1,1,0,1,0,0,0,0,1,0
Malaria,0,1,1,0,1,1,0,0,0,1,0
Malaria,0,1,1,0,1,1,0,0,0,1,0
Malaria,0,1,1,0,1,1,0,0,0,1,0
Malaria,0,1,1,0,1,1,0,0,0,1,0
Malaria,0,1,1,0,1,1,0,0,0,1,0
Malaria,0,1,0,0,1,1,0,0,0,1,0
Malaria,0,1,1,0,1,1,0,0,0,1,0
Malaria,0,1,1,0,1,1,0,0,0,1,0
Malaria,0,1,1,0,1,1,0,0,0,1,0
Malaria,0,1,1,0,1,1,0,0,0,1,0
Malaria,0,1,1,0,1,1,0,0,0,1,0
Malaria,0,1,1,0,1,1,0,0,0,1,0
Malaria,0,1,1,0,1,1,0,0,0,1,0
Malaria,0,1,1,0,1,1,0,0,0,1,0
Malaria,0,1,1,0,1,1,0,0,0,1,0
Malaria,0,1,1,0,1,1,0,0,0,1,0
Malaria,0,1,1,0,0,1,0,0,0,1,0
Malaria,0,1,1,0,1,1,0,0,0,1,0
Malaria,0,1,1,0,1,1,0,0,0,0,0
Malaria,0,1,1,0,1,1,0,0,0,1,0
Malaria,0,1,1,0,1,1,0,0,0,1,0
Malaria,0,1,1,0,1,1,0,0,0,1,0
Malaria,0,1,1,0,1,1,0,0,0,1,0
Malaria,0,1,1,0,1,0,0,0,0,1,0
Malaria,0,0,1,0,1,1,0,0,0,1,0
Malaria,0,1,0,0,1,1,0,0,0,1,0
Malaria,0,1,1,0,0,1,0,0,0,1,0
Malaria,0,1,1,0,1,1,0,0,0,1,0
Malaria,0,1,1,0,1,0,0,0,0,1,0
Malaria,0,1,1,0,1,1,0,0,0,1,0
Malaria,0,1,1,0,1,1,0,0,0,1,0
Malaria,0,1,1,0,1,1,0,0,0,1,0
Malaria,0,1,1,0,1,1,0,0,0,1,0
Malaria,0,1,1,0,1,1,0,0,0,1,0
Malaria,0,1,1,0,1,1,0,0,0,1,0
Malaria,0,1,1,0,1,1,0,0,0,1,0
Tuberculosis,1,1,1,1,0,0,0,0,1,1,0
Tuberculosis,1,1,1,1,0,0,0,0,1,1,0
Tuberculosis,1,1,1,1,0,0,0,0,1,1,0
Tuberculosis,1,1,1,1,0,0,0,0,1,1,0
Tuberculosis,1,1,1,1,0,0,0,0,1,1,0
Tuberculosis,1,1,1,1,0,0,0,0,1,0,0
Tuberculosis,1,1,1,1,0,0,0,0,1,1,0
Tuberculosis,1,1,1,1,0,0,0,0,1,1,0
Tuberculosis,1,1,1,1,0,0,0,0,1,1,0
Tuberculosis,0,1,1,1,0,0,0,0,1,1,0
Tuberculosis,1,1,1,1,0,0,0,0,1,1,0
Tuberculosis,1,1,1,1,0,0,0,0,1,1,0
Tuberculosis,1,1,1,1,0,0,0,0,1,1,0
Tuberculosis,1,1,0,1,0,0,0,0,1,1,0
Tuberculosis,1,1,1,1,0,0,0,0,1,1,0
Tuberculosis,1,1,1,1,0,0,0,0,1,1,0
Tuberculosis,1,1,1,1,0,0,0,0,1,1,0
Tuberculosis,1,0,1,1,0,0,0,0,1,1,0
Tuberculosis,1,1,0,1,0,0,0,0,1,1,0
Tuberculosis,1,1,1,1,0,0,0,0,1,1,0
Tuberculosis,1,1,1,1,0,0,0,0,1,1,0
Tuberculosis,1,1,1,1,0,0,0,0,1,1,0
Tuberculosis,1,1,1,1,0,0,0,0,1,1,0
Tuberculosis,1,1,1,1,0,0,0,0,1,1,0
Tuberculosis,1,1,1,1,0,0,0,0,1,1,0
Tuberculosis,1,1,1,1,0,0,0,0,1,1,0
Tuberculosis,1,1,1,1,0,0,0,0,1,1,0
Tuberculosis,1,1,1,1,0,0,0,0,1,1,0
Tuberculosis,1,1,1,1,0,0,0,0,1,1,0
Tuberculosis,1,1,1,1,0,0,0,0,1,1,0
Tuberculosis,1,1,1,1,0,0,0,0,1,1,0
Tuberculosis,1,1,1,1,0,0,0,0,1,1,0
Tuberculosis,1,1,1,1,0,0,0,0,1,1,0
Tuberculosis,1,1,1,1,0,0,0,0,1,1,0
Tuberculosis,1,1,1,1,0,0,0,0,1,1,0
Tuberculosis,1,1,1,1,0,0,0,0,1,1,0
Tuberculosis,1,1,1,1,0,0,0,0,1,1,0
Tuberculosis,1,1,1,1,0,0,0,0,1,1,0
Tuberculosis,1,1,1,1,0,0,0,0,1,1,0
Tuberculosis,1,1,1,1,0,0,0,0,1,1,0
Tuberculosis,1,1,1,1,0,0,0,0,1,1,0
Tuberculosis,1,1,1,1,0,0,0,0,1,1,0
Tuberculosis,1,1,1,1,0,0,0,0,1,1,0
Tuberculosis,1,1,1,1,0,0,0,0,1,1,0
Tuberculosis,1,1,1,1,0,0,0,0,1,1,0
Tuberculosis,1,1,1,1,0,0,0,0,1,1,0
Tuberculosis,1,1,1,1,0,0,0,0,1,1,0
Tuberculosis,0,1,1,1,0,0,0,0,1,1,0
Tuberculosis,1,0,1,1,0,0,0,0,1,1,0
Tuberculosis,1,1,1,1,0,0,0,0,1,1,0
Tuberculosis,1,1,1,1,0,0,0,0,1,1,0
Tuberculosis,1,1,1,1,0,0,0,0,1,1,0
Tuberculosis,1,1,1,1,0,0,0,0,1,0,0
Tuberculosis,1,1,0,1,0,0,0,0,1,1,0
Tuberculosis,1,1,1,1,0,0,0,0,1,1,0
Tuberculosis,1,1,1,1,0,0,0,0,1,1,0
Tuberculosis,0,1,1,1,0,0,0,0,1,1,0
Tuberculosis,1,0,1,1,0,0,0,0,1,1,0
Tuberculosis,1,1,1,1,0,0,0,0,1,0,0
Tuberculosis,1,1,1,1,0,0,0,0,1,1,0
Tuberculosis,1,1,1,1,0,0,0,0,1,1,0
Tuberculosis,1,1,1,1,0,0,0,0,1,1,0
Tuberculosis,1,1,1,1,0,0,0,0,1,1,0
Tuberculosis,1,1,1,1,0,0,0,0,1,1,0
Tuberculosis,1,1,1,1,0,0,0,0,1,1,0
Tuberculosis,1,1,1,1,0,0,0,0,1,1,0
Tuberculosis,1,1,1,1,0,0,0,0,1,1,0
Tuberculosis,1,1,1,1,0,0,0,0,1,1,0
Tuberculosis,1,1,1,1,0,0,0,0,1,1,0
Tuberculosis,1,1,1,1,0,0,0,0,1,1,0
Tuberculosis,1,1,1,1,0,0,0,0,1,1,0
Tuberculosis,1,1,1,1,0,0,0,0,1,1,0
Tuberculosis,1,1,1,1,0,0,0,0,1,1,0
Tuberculosis,1,1,1,1,0,0,0,0,1,1,0
Tuberculosis,1,1,1,1,0,0,0,0,1,1,0
Tuberculosis,1,1,0,1,0,0,0,0,1,1,0
Tuberculosis,1,1,1,1,0,0,0,0,1,1,0
Tuberculosis,1,1,1,1,0,0,0,0,1,1,0
Tuberculosis,1,1,1,1,0,0,0,0,1,0,0
Tuberculosis,1,1,1,1,0,0,0,0,1,1,0
Tuberculosis,1,1,1,1,0,0,0,0,1,1,0
Tuberculosis,1,1,1,1,0,0,0,0,1,1,0
Tuberculosis,1,1,1,1,0,0,0,0,1,1,0
Tuberculosis,1,0,1,1,0,0,0,0,1,1,0
Tuberculosis,1,1,1,1,0,0,0,0,1,1,0
Tuberculosis,1,1,1,1,0,0,0,0,1,1,0
Tuberculosis,1,1,1,1,0,0,0,0,1,1,0
Tuberculosis,1,1,1,1,0,0,0,0,1,1,0
Tuberculosis,1,1,0,1,0,0,0,0,1,1,0
Tuberculosis,1,1,1,1,0,0,0,0,1,1,0
Tuberculosis,1,1,1,1,0,0,0,0,1,1,0
Tuberculosis,1,1,1,1,0,0,0,0,1,1,0
Tuberculosis,1,1,1,1,0,0,0,0,1,1,0
Tuberculosis,0,1,1,1,0,0,0,0,1,1,0
Tuberculosis,1,0,1,1,0,0,0,0,1,1,0
Tuberculosis,1,1,1,1,0,0,0,0,1,0,0
Tuberculosis,1,1,1,1,0,0,0,0,1,1,0
Tuberculosis,1,1,1,1,0,0,0,0,1,1,0
Tuberculosis,1,1,1,1,0,0,0,0,1,1,0
Tuberculosis,1,1,1,1,0,0,0,0,1,1,0
Tuberculosis,1,1,1,1,0,0,0,0,1,1,0
Tuberculosis,1,1,1,1,0,0,0,0,1,1,0
Tuberculosis,1,1,1,1,0,0,0,0,1,1,0
Tuberculosis,1,1,1,1,0,0,0,0,1,1,0
Tuberculosis,1,1,1,1,0,0,0,0,1,1,0
Tuberculosis,1,1,1,1,0,0,0,0,1,1,0
Tuberculosis,1,1,1,1,0,0,0,0,1,1,0
Tuberculosis,1,0,1,1,0,0,0,0,1,1,0
Tuberculosis,1,1,1,1,0,0,0,0,1,1,0
Tuberculosis,0,1,1,1,0,0,0,0,1,1,0
Tuberculosis,1,1,1,1,0,0,0,0,1,1,0
Tuberculosis,1,1,1,1,0,0,0,0,1,0,0
Tuberculosis,1,1,1,1,0,0,0,0,1,1,0
Tuberculosis,1,1,1,1,0,0,0,0,1,1,0
Tuberculosis,1,1,1,1,0,0,0,0,1,1,0
Tuberculosis,1,1,1,1,0,0,0,0,1,1,0
Tuberculosis,1,1,1,1,0,0,0,0,1,1,0
Tuberculosis,1,1,0,1,0,0,0,0,1,1,0
Tuberculosis,0,1,1,1,0,0,0,0,1,1,0
Tuberculosis,1,1,1,1,0,0,0,0,1,1,0
Typhoid,1,1,1,0,1,1,1,0,0,1,0
Typhoid,1,1,1,0,1,1,1,0,0,1,0
Typhoid,1,1,1,0,1,0,1,0,0,1,0
Typhoid,1,1,1,0,1,1,1,0,0,1,0
Typhoid,1,1,1,0,1,1,1,0,0,1,0
Typhoid,1,1,1,0,1,1,1,0,0,1,0
Typhoid,1,1,1,0,1,1,1,0,0,1,0
Typhoid,1,1,1,0,1,1,1,0,0,1,0
Typhoid,1,1,1,0,1,1,0,0,0,1,0
Typhoid,1,1,1,0,1,1,1,0,0,1,0
Typhoid,1,1,1,0,0,1,1,0,0,1,0
Typhoid,1,1,1,0,1,1,1,0,0,1,0
Typhoid,1,1,1,0,1,0,1,0,0,1,0
Typhoid,1,1,1,0,1,1,1,0,0,1,0
Typhoid,1,1,1,0,0,1,1,0,0,1,0
Typhoid,1,1,1,0,1,1,1,0,0,1,0
Typhoid,1,1,1,0,1,1,1,0,0,1,0
Typhoid,1,1,1,0,1,1,1,0,0,1,0
Typhoid,1,1,1,0,1,1,1,0,0,1,0
Typhoid,1,1,1,0,1,0,1,0,0,1,0
Typhoid,1,1,1,0,1,1,1,0,0,1,0
Typhoid,1,1,1,0,1,1,1,0,0,1,0
Typhoid,1,1,1,0,1,1,1,0,0,1,0
Typhoid,1,1,1,0,1,1,0,0,0,1,0
Typhoid,1,1,1,0,1,1,1,0,0,1,0
Typhoid,1,1,1,0,1,1,1,0,0,1,0
Typhoid,1,0,1,0,1,1,1,0,0,1,0
Typhoid,1,1,1,0,1,1,1,0,0,1,0
Typhoid,1,1,1,0,1,1,1,0,0,1,0
Typhoid,1,1,1,0,1,1,1,0,0,1,0
Typhoid,1,1,1,0,1,1,1,0,0,1,0
Typhoid,1,1,1,0,1,1,1,0,0,1,0
Typhoid,1,1,1,0,1,1,1,0,0,1,0
Typhoid,1,1,1,0,1,1,1,0,0,1,0
Typhoid,1,1,1,0,1,1,1,0,0,1,0
Typhoid,1,1,1,0,1,1,1,0,0,1,0
Typhoid,1,1,1,0,1,1,1,0,0,1,0
Typhoid,1,1,1,0,1,1,1,0,0,1,0
Typhoid,1,1,1,0,1,1,1,0,0,1,0
Typhoid,1,1,1,0,1,1,1,0,0,1,0
Typhoid,1,1,1,0,1,1,1,0,0,1,0
Typhoid,1,1,1,0,1,1,0,0,0,1,0
Typhoid,1,1,1,0,1,1,1,0,0,1,0
Typhoid,1,1,1,0,1,1,1,0,0,1,0
Typhoid,1,1,1,0,1,1,1,0,0,1,0
Typhoid,1,1,1,0,1,1,1,0,0,1,0
Typhoid,1,1,1,0,1,1,1,0,0,1,0
Typhoid,1,1,1,0,1,1,1,0,0,1,0
Typhoid,1,1,1,0,0,1,1,0,0,1,0
Typhoid,1,1,1,0,1,1,1,0,0,1,0
Typhoid,1,1,1,0,1,1,1,0,0,1,0
Typhoid,1,1,1,0,1,1,1,0,0,1,0
Typhoid,1,1,1,0,1,1,1,0,0,1,0
Typhoid,1,0,1,0,1,1,1,0,0,1,0
Typhoid,1,1,1,0,1,1,1,0,0,1,0
Typhoid,1,1,1,0,1,1,1,0,0,1,0
Typhoid,1,1,1,0,1,0,1,0,0,1,0
Typhoid,1,1,1,0,1,1,1,0,0,1,0
Typhoid,1,1,1,0,0,1,1,0,0,1,0
Typhoid,1,1,1,0,1,1,1,0,0,1,0
Typhoid,1,1,1,0,1,1,1,0,0,1,0
Typhoid,1,1,1,0,1,1,1,0,0,1,0
Typhoid,1,1,1,0,1,1,1,0,0,1,0
Typhoid,1,0,1,0,1,1,1,0,0,1,0
Typhoid,1,1,1,0,1,1,1,0,0,1,0
Typhoid,1,1,1,0,1,1,1,0,0,1,0
Typhoid,1,1,1,0,1,1,1,0,0,1,0
Typhoid,1,1,1,0,1,1,1,0,0,1,0
Typhoid,1,1,1,0,1,1,1,0,0,1,0
Typhoid,1,1,1,0,1,1,1,0,0,1,0
Typhoid,1,1,1,0,1,1,1,0,0,1,0
Typhoid,1,1,1,0,1,1,1,0,0,1,0
Typhoid,1,1,1,0,1,1,1,0,0,1,0
Typhoid,1,1,1,0,1,1,1,0,0,1,0
Typhoid,1,1,1,0,1,1,1,0,0,1,0
Typhoid,1,1,1,0,1,1,1,0,0,1,0
Typhoid,1,1,1,0,1,1,1,0,0,1,0
Typhoid,1,1,1,0,1,1,1,0,0,1,0
Typhoid,1,1,1,0,1,1,1,0,0,1,0
Typhoid,1,1,1,0,1,1,1,0,0,1,0
Typhoid,1,1,1,0,1,1,1,0,0,1,0
Typhoid,1,1,1,0,1,0,1,0,0,1,0
Typhoid,1,1,1,0,1,1,1,0,0,1,0
Typhoid,1,1,1,0,0,1,1,0,0,1,0
Typhoid,1,1,1,0,1,1,1,0,0,1,0
Typhoid,1,1,1,0,1,1,1,0,0,1,0
Typhoid,1,0,1,0,1,1,1,0,0,1,0
Typhoid,1,1,1,0,1,1,1,0,0,1,0
Typhoid,1,1,1,0,1,1,1,0,0,1,0
Typhoid,1,1,1,0,1,1,1,0,0,1,0
Typhoid,1,1,1,0,1,1,1,0,0,1,0
Typhoid,1,0,1,0,1,1,1,0,0,1,0
Typhoid,1,1,1,0,1,1,1,0,0,1,0
Typhoid,1,1,1,0,1,1,1,0,0,1,0
Typhoid,1,1,1,0,1,1,1,0,0,1,0
Typhoid,1,1,1,0,1,1,1,0,0,1,0
Typhoid,1,1,1,0,1,1,1,0,0,1,0
Typhoid,1,1,1,0,1,1,1,0,0,1,0
Typhoid,1,1,1,0,1,1,1,0,0,1,0
Typhoid,1,1,1,0,1,1,1,0,0,1,0
Typhoid,1,1,1,0,1,1,1,0,0,1,0
Typhoid,1,0,1,0,1,1,1,0,0,1,0
Typhoid,1,1,1,0,1,1,1,0,0,1,0
Typhoid,1,1,1,0,1,1,0,0,0,1,0
Typhoid,1,1,1,0,1,1,1,0,0,1,0
Typhoid,1,1,1,0,1,1,1,0,0,1,0
Typhoid,1,1,1,0,1,1,1,0,0,1,0
Typhoid,1,1,1,0,1,1,1,0,0,1,0
Typhoid,1,1,1,0,1,1,1,0,0,1,0
Typhoid,1,1,1,0,1,1,0,0,0,1,0
Typhoid,1,1,1,0,1,1,1,0,0,1,0
Typhoid,1,1,1,0,1,0,1,0,0,1,0
Typhoid,1,1,1,0,1,1,1,0,0,1,0
Typhoid,1,1,1,0,1,1,1,0,0,1,0
Typhoid,1,1,1,0,1,1,1,0,0,1,0
Typhoid,1,1,1,0,1,1,0,0,0,1,0
Typhoid,1,1,1,0,1,1,1,0,0,1,0
Typhoid,1,1,1,0,0,1,1,0,0,1,0
Typhoid,1,1,1,0,1,1,1,0,0,1,0
Typhoid,1,1,1,0,1,1,1,0,0,1,0
hepatitis A,0,1,0,1,1,0,1,1,1,0,0
hepatitis A,0,1,0,1,1,0,1,1,1,0,0
hepatitis A,0,1,0,1,1,0,1,1,1,0,0
hepatitis A,0,1,0,1,1,0,1,1,1,0,0
hepatitis A,0,1,0,1,1,0,1,1,1,0,0
hepatitis A,0,1,0,1,1,0,1,1,1,0,0
hepatitis A,0,1,0,1,1,0,1,1,1,0,0
hepatitis A,0,1,0,1,1,0,1,1,1,0,0
hepatitis A,0,1,0,1,1,0,1,1,1,0,0
hepatitis A,0,1,0,1,1,0,1,1,1,0,0
hepatitis A,0,1,0,1,1,0,1,1,1,0,0
hepatitis A,0,1,0,1,1,0,1,1,1,0,0
hepatitis A,0,1,0,1,1,0,1,1,1,0,0
hepatitis A,0,1,0,1,1,0,1,1,1,0,0
hepatitis A,0,1,0,1,1,0,1,1,1,0,0
hepatitis A,0,1,0,1,1,0,1,1,1,0,0
hepatitis A,0,1,0,1,1,0,1,1,1,0,0
hepatitis A,0,1,0,1,1,0,1,1,1,0,0
hepatitis A,0,1,0,1,1,0,1,1,1,0,0
hepatitis A,0,1,0,1,1,0,1,1,1,0,0
hepatitis A,0,1,0,1,1,0,1,1,1,0,0
hepatitis A,0,1,0,1,1,0,1,1,1,0,0
hepatitis A,0,1,0,1,1,0,1,1,1,0,0
hepatitis A,0,1,0,1,1,0,1,1,1,0,0
hepatitis A,0,1,0,1,1,0,1,1,1,0,0
hepatitis A,0,0,0,1,1,0,1,1,1,0,0
hepatitis A,0,1,0,1,1,0,1,1,1,0,0
hepatitis A,0,1,0,1,1,0,0,1,1,0,0
hepatitis A,0,1,0,0,1,0,1,1,1,0,0
hepatitis A,0,1,0,1,0,0,1,1,1,0,0
hepatitis A,0,1,0,1,1,0,1,0,1,0,0
hepatitis A,0,1,0,1,1,0,1,1,1,0,0
hepatitis A,0,1,0,1,1,0,1,1,1,0,0
hepatitis A,0,1,0,1,1,0,1,0,1,0,0
hepatitis A,0,1,0,1,1,0,1,1,1,0,0
hepatitis A,0,0,0,1,1,0,1,1,1,0,0
hepatitis A,0,1,0,1,1,0,1,1,1,0,0
hepatitis A,0,1,0,1,1,0,1,1,1,0,0
hepatitis A,0,1,0,1,0,0,1,1,1,0,0
hepatitis A,0,1,0,0,1,0,1,1,1,0,0
hepatitis A,0,1,0,1,1,0,0,1,1,0,0
hepatitis A,0,1,0,1,1,0,1,1,1,0,0
hepatitis A,0,1,0,1,1,0,1,1,1,0,0
hepatitis A,0,1,0,1,1,0,1,1,1,0,0
hepatitis A,0,1,0,1,1,0,1,1,1,0,0
hepatitis A,0,1,0,1,1,0,1,1,1,0,0
hepatitis A,0,1,0,1,1,0,1,1,1,0,0
hepatitis A,0,1,0,1,1,0,1,1,1,0,0
hepatitis A,0,1,0,1,1,0,1,1,1,0,0
hepatitis A,0,1,0,1,1,0,1,1,1,0,0
hepatitis A,0,1,0,1,1,0,1,1,1,0,0
hepatitis A,0,1,0,1,1,0,1,1,1,0,0
hepatitis A,0,1,0,1,1,0,1,1,1,0,0
hepatitis A,0,1,0,1,1,0,1,1,1,0,0
hepatitis A,0,1,0,1,1,0,1,1,1,0,0
hepatitis A,0,0,0,1,1,0,1,1,1,0,0
hepatitis A,0,1,0,1,1,0,1,1,1,0,0
hepatitis A,0,1,0,1,1,0,1,0,1,0,0
hepatitis A,0,1,0,1,1,0,1,1,1,0,0
hepatitis A,0,1,0,1,1,0,1,1,1,0,0
hepatitis A,0,1,0,0,1,0,1,1,1,0,0
hepatitis A,0,1,0,1,1,0,0,1,1,0,0
hepatitis A,0,1,0,1,1,0,1,1,1,0,0
hepatitis A,0,1,0,1,1,0,1,1,1,0,0
hepatitis A,0,1,0,1,1,0,1,1,1,0,0
hepatitis A,0,1,0,1,1,0,1,1,1,0,0
hepatitis A,0,1,0,1,1,0,1,1,1,0,0
hepatitis A,0,1,0,1,1,0,1,1,1,0,0
hepatitis A,0,1,0,1,1,0,1,1,1,0,0
hepatitis A,0,1,0,1,0,0,1,1,1,0,0
hepatitis A,0,1,0,1,1,0,1,1,1,0,0
hepatitis A,0,1,0,1,1,0,1,1,1,0,0
hepatitis A,0,1,0,1,1,0,1,1,1,0,0
hepatitis A,0,1,0,1,0,0,1,1,1,0,0
hepatitis A,0,1,0,0,1,0,1,1,1,0,0
hepatitis A,0,1,0,1,1,0,0,1,1,0,0
hepatitis A,0,1,0,1,1,0,1,1,1,0,0
hepatitis A,0,1,0,1,1,0,1,1,1,0,0
hepatitis A,0,1,0,1,1,0,1,1,1,0,0
hepatitis A,0,1,0,1,1,0,1,1,1,0,0
hepatitis A,0,1,0,1,1,0,1,1,1,0,0
hepatitis A,0,1,0,1,1,0,1,1,1,0,0
hepatitis A,0,1,0,1,1,0,1,1,1,0,0
hepatitis A,0,1,0,1,1,0,1,1,1,0,0
hepatitis A,0,1,0,1,1,0,0,1,1,0,0
hepatitis A,0,1,0,0,1,0,1,1,1,0,0
hepatitis A,0,1,0,1,1,0,1,1,1,0,0
hepatitis A,0,1,0,1,1,0,1,1,1,0,0
hepatitis A,0,1,0,1,0,0,1,1,1,0,0
hepatitis A,0,1,0,1,1,0,1,1,1,0,0
hepatitis A,0,1,0,1,1,0,1,0,1,0,0
hepatitis A,0,0,0,1,1,0,1,1,1,0,0
hepatitis A,0,1,0,1,1,0,1,1,1,0,0
hepatitis A,0,1,0,1,1,0,1,1,1,0,0
hepatitis A,0,1,0,1,1,0,1,1,1,0,0
hepatitis A,0,1,0,1,1,0,1,0,1,0,0
hepatitis A,0,0,0,1,1,0,1,1,1,0,0
hepatitis A,0,1,0,1,1,0,1,1,1,0,0
hepatitis A,0,1,0,1,1,0,1,1,1,0,0
hepatitis A,0,1,0,1,1,0,1,1,1,0,0
hepatitis A,0,1,0,1,1,0,1,1,1,0,0
hepatitis A,0,0,0,1,1,0,1,1,1,0,0
hepatitis A,0,1,0,1,1,0,1,0,1,0,0
hepatitis A,0,1,0,1,1,0,1,1,1,0,0
hepatitis A,0,1,0,1,0,0,1,1,1,0,0
hepatitis A,0,1,0,0,1,0,1,1,1,0,0
hepatitis A,0,1,0,1,1,0,0,1,1,0,0
hepatitis A,0,1,0,1,1,0,1,1,1,0,0
hepatitis A,0,1,0,1,1,0,1,1,1,0,0
hepatitis A,0,1,0,1,1,0,1,1,1,0,0
hepatitis A,0,1,0,1,1,0,1,1,1,0,0
hepatitis A,0,1,0,1,1,0,1,1,1,0,0
hepatitis A,0,1,0,1,1,0,1,1,1,0,0
hepatitis A,0,1,0,1,1,0,1,1,1,0,0
hepatitis A,0,1,0,1,1,0,1,1,1,0,0
hepatitis A,0,1,0,1,1,0,1,1,1,0,0
hepatitis A,0,1,0,1,1,0,1,1,1,0,0
hepatitis A,0,1,0,1,1,0,1,1,1,0,0
hepatitis A,0,1,0,1,1,0,1,1,1,0,0
hepatitis A,0,1,0,1,1,0,1,1,1,0,0